Date,Open,High,Low,Close,Adj Close**,Volume
"Apr 28, 2023",33797,34105,33728,34098,"34,098.16",354310000
"Apr 27, 2023",33382,33860,33375,33826,"33,826.16",343240000
"Apr 26, 2023",33596,33646,33236,33302,"33,301.87",321170000
"Apr 25, 2023",33828,33875,33525,33531,"33,530.83",297880000
"Apr 24, 2023",33805,33891,33726,33875,"33,875.40",252020000
"Apr 21, 2023",33794,33859,33689,33809,"33,808.96",291080000
"Apr 20, 2023",33741,33875,33678,33787,"33,786.62",307910000
"Apr 19, 2023",33890,33958,33815,33897,"33,897.01",251490000
"Apr 18, 2023",33965,34019,33792,33977,"33,976.63",253570000
"Apr 17, 2023",33930,33991,33797,33987,"33,987.18",234530000
"Apr 14, 2023",33982,34083,33731,33886,"33,886.47",276720000
"Apr 13, 2023",33669,34055,33605,34030,"34,029.69",277230000
"Apr 12, 2023",33764,33895,33593,33647,"33,646.50",260300000
"Apr 11, 2023",33587,33781,33587,33685,"33,684.79",241430000
"Apr 10, 2023",33425,33590,33343,33587,"33,586.52",232920000
"Apr 06, 2023",33421,33526,33325,33485,"33,485.29",258680000
"Apr 05, 2023",33395,33544,33376,33483,"33,482.72",286660000
"Apr 04, 2023",33595,33635,33276,33402,"33,402.38",283360000
"Apr 03, 2023",33246,33633,33246,33601,"33,601.15",311890000
"Mar 31, 2023",32902,33291,32902,33274,"33,274.15",353740000
"Mar 30, 2023",32807,32906,32683,32859,"32,859.03",283380000
"Mar 29, 2023",32567,32728,32540,32718,"32,717.60",314110000
"Mar 28, 2023",32435,32551,32296,32394,"32,394.25",248560000
"Mar 27, 2023",32277,32564,32277,32432,"32,432.08",291560000
"Mar 24, 2023",32038,32257,31805,32238,"32,237.53",317070000
"Mar 23, 2023",32101,32511,31865,32105,"32,105.25",335430000
"Mar 22, 2023",32570,32762,32020,32030,"32,030.11",325990000
"Mar 21, 2023",32421,32594,32346,32561,"32,560.60",363190000
"Mar 20, 2023",31872,32280,31872,32245,"32,244.58",357210000
"Mar 17, 2023",32217,32217,31729,31862,"31,861.98",712100000
"Mar 16, 2023",31828,32282,31571,32247,"32,246.55",440940000
"Mar 15, 2023",31760,31906,31430,31875,"31,874.57",420910000
"Mar 14, 2023",32055,32307,31805,32155,"32,155.40",391760000
"Mar 13, 2023",31820,32240,31625,31819,"31,819.14",429090000
"Mar 10, 2023",32185,32422,31783,31910,"31,909.64",397790000
"Mar 09, 2023",32877,32990,32191,32255,"32,254.86",315860000
"Mar 08, 2023",32872,32903,32613,32798,"32,798.40",242750000
"Mar 07, 2023",33428,33453,32838,32856,"32,856.46",299400000
"Mar 06, 2023",33425,33572,33383,33431,"33,431.44",329190000
"Mar 03, 2023",33076,33406,33008,33391,"33,390.97",300050000
"Mar 02, 2023",32781,33083,32666,33004,"33,003.57",317450000
"Mar 01, 2023",32656,32746,32501,32662,"32,661.84",292810000
"Feb 28, 2023",32873,32873,32636,32657,"32,656.70",303760000
"Feb 27, 2023",32906,33189,32814,32889,"32,889.09",243660000
"Feb 24, 2023",32999,32999,32643,32817,"32,816.92",277120000
"Feb 23, 2023",33175,33272,32796,33154,"33,153.91",288120000
"Feb 22, 2023",33169,33246,32948,33045,"33,045.09",321910000
"Feb 21, 2023",33700,33700,33116,33130,"33,129.59",348320000
"Feb 17, 2023",33677,33847,33518,33827,"33,826.69",302900000
"Feb 16, 2023",33992,34041,33687,33697,"33,696.85",317530000
"Feb 15, 2023",34009,34130,33833,34128,"34,128.05",267530000
"Feb 14, 2023",34194,34331,33827,34089,"34,089.27",288820000
"Feb 13, 2023",33887,34250,33887,34246,"34,245.93",302600000
"Feb 10, 2023",33672,33897,33592,33869,"33,869.27",288150000
"Feb 09, 2023",34106,34253,33607,33700,"33,699.88",347520000
"Feb 08, 2023",34133,34162,33900,33949,"33,949.01",324090000
"Feb 07, 2023",33770,34240,33634,34157,"34,156.69",361620000
"Feb 06, 2023",33874,33963,33684,33891,"33,891.02",296400000
"Feb 03, 2023",33926,34180,33814,33926,"33,926.01",425150000
"Feb 02, 2023",34129,34145,33815,34054,"34,053.94",429910000
"Feb 01, 2023",34040,34335,33581,34093,"34,092.96",370120000
"Jan 31, 2023",33804,34095,33665,34086,"34,086.04",360240000
"Jan 30, 2023",33909,34055,33695,33717,"33,717.09",343920000
"Jan 27, 2023",33953,34164,33831,33978,"33,978.08",441260000
"Jan 26, 2023",33772,33954,33636,33949,"33,949.41",327000000
"Jan 25, 2023",33538,33773,33273,33744,"33,743.84",341720000
"Jan 24, 2023",33445,33783,33311,33734,"33,733.96",299310000
"Jan 23, 2023",33440,33783,33316,33630,"33,629.56",355220000
"Jan 20, 2023",33073,33382,32949,33375,"33,375.49",367330000
"Jan 19, 2023",33171,33227,32982,33045,"33,044.56",319770000
"Jan 18, 2023",33948,34017,33270,33297,"33,296.96",351670000
"Jan 17, 2023",34222,34270,33861,33911,"33,910.85",353050000
"Jan 13, 2023",34075,34342,33915,34303,"34,302.61",274110000
"Jan 12, 2023",34048,34293,33792,34190,"34,189.97",308190000
"Jan 11, 2023",33754,33975,33711,33973,"33,973.01",301650000
"Jan 10, 2023",33516,33727,33422,33704,"33,704.10",268260000
"Jan 09, 2023",33664,33935,33488,33518,"33,517.65",327840000
"Jan 06, 2023",33055,33711,32997,33631,"33,630.61",360740000
"Jan 05, 2023",33192,33192,32812,32930,"32,930.08",337920000
"Jan 04, 2023",33165,33409,33033,33270,"33,269.77",379400000
"Jan 03, 2023",33149,33388,32851,33136,"33,136.37",355930000
"Dec 30, 2022",33122,33153,32848,33147,"33,147.25",295500000
"Dec 29, 2022",33021,33293,33020,33221,"33,220.80",243060000
"Dec 28, 2022",33265,33380,32869,32876,"32,875.71",252260000
"Dec 27, 2022",33224,33388,33070,33242,"33,241.56",246010000
"Dec 23, 2022",32961,33226,32814,33204,"33,203.93",221050000
"Dec 22, 2022",33233,33233,32573,33027,"33,027.49",340640000
"Dec 21, 2022",33028,33438,33028,33376,"33,376.48",328020000
"Dec 20, 2022",32735,32992,32649,32850,"32,849.74",303970000
"Dec 19, 2022",32921,33039,32582,32758,"32,757.54",326430000
"Dec 16, 2022",33166,33166,32655,32920,"32,920.46",756310000
"Dec 15, 2022",33773,33773,33016,33202,"33,202.22",394290000
"Dec 14, 2022",34086,34396,33704,33966,"33,966.35",339090000
"Dec 13, 2022",34268,34712,33891,34109,"34,108.64",442650000
"Dec 12, 2022",33520,34005,33520,34005,"34,005.04",313440000
"Dec 09, 2022",33747,33845,33463,33476,"33,476.46",287630000
"Dec 08, 2022",33696,33899,33642,33781,"33,781.48",271830000
"Dec 07, 2022",33556,33774,33504,33598,"33,597.92",359980000
"Dec 06, 2022",33937,34007,33419,33596,"33,596.34",306220000
"Dec 05, 2022",34336,34336,33847,33947,"33,947.10",312960000
"Dec 02, 2022",34265,34483,34040,34430,"34,429.88",290580000
"Dec 01, 2022",34534,34596,34129,34395,"34,395.01",348720000
"Nov 30, 2022",33795,34590,33584,34590,"34,589.77",524440000
"Nov 29, 2022",33848,33934,33662,33853,"33,852.53",279750000
"Nov 28, 2022",34276,34304,33799,33849,"33,849.46",300330000
"Nov 25, 2022",34213,34387,34200,34347,"34,347.03",131660000
"Nov 23, 2022",34092,34262,34005,34194,"34,194.06",236820000
"Nov 22, 2022",33810,34116,33810,34098,"34,098.10",277070000
"Nov 21, 2022",33760,33865,33559,33700,"33,700.28",352960000
"Nov 18, 2022",33607,33828,33541,33746,"33,745.69",312950000
"Nov 17, 2022",33329,33616,33240,33546,"33,546.32",319210000
"Nov 16, 2022",33555,33683,33517,33554,"33,553.83",301560000
"Nov 15, 2022",33756,33987,33320,33593,"33,592.92",390610000
"Nov 14, 2022",33662,33964,33534,33537,"33,536.70",354340000
"Nov 11, 2022",33798,33818,33394,33748,"33,747.86",427790000
"Nov 10, 2022",33264,33728,33168,33715,"33,715.37",480130000
"Nov 09, 2022",33004,33065,32479,32514,"32,513.94",355200000
"Nov 08, 2022",32935,33355,32831,33161,"33,160.83",335340000
"Nov 07, 2022",32454,32896,32425,32827,"32,827.00",336300000
"Nov 04, 2022",32265,32612,31939,32403,"32,403.22",422370000
"Nov 03, 2022",31985,32186,31727,32001,"32,001.25",354440000
"Nov 02, 2022",32576,33072,32140,32148,"32,147.76",398430000
"Nov 01, 2022",32863,32975,32485,32653,"32,653.20",323210000
"Oct 31, 2022",32754,32884,32587,32733,"32,732.95",390890000
"Oct 28, 2022",32204,32890,32158,32862,"32,861.80",495830000
"Oct 27, 2022",32062,32388,31993,32033,"32,033.28",375720000
"Oct 26, 2022",31738,32172,31738,31839,"31,839.11",430400000
"Oct 25, 2022",31464,31876,31424,31837,"31,836.74",336930000
"Oct 24, 2022",31187,31604,31161,31500,"31,499.62",345040000
"Oct 21, 2022",30291,31119,30206,31083,"31,082.56",418190000
"Oct 20, 2022",30412,30823,30265,30334,"30,333.59",333190000
"Oct 19, 2022",30439,30662,30227,30424,"30,423.81",314030000
"Oct 18, 2022",30698,30838,30302,30524,"30,523.80",387130000
"Oct 17, 2022",30060,30312,29998,30186,"30,185.82",369820000
"Oct 14, 2022",30192,30429,29614,29635,"29,634.83",379090000
"Oct 13, 2022",28756,30169,28661,30039,"30,038.72",470260000
"Oct 12, 2022",29233,29455,29136,29211,"29,210.85",304420000
"Oct 11, 2022",29085,29608,29074,29239,"29,239.19",352920000
"Oct 10, 2022",29419,29486,29010,29203,"29,202.88",315410000
"Oct 07, 2022",29685,29685,29143,29297,"29,296.79",367950000
"Oct 06, 2022",30206,30330,29859,29927,"29,926.94",306840000
"Oct 05, 2022",30078,30454,29886,30274,"30,273.87",290610000
"Oct 04, 2022",29827,30325,29827,30316,"30,316.32",375640000
"Oct 03, 2022",28855,29648,28855,29491,"29,490.89",397830000
"Sep 30, 2022",29123,29356,28716,28726,"28,725.51",464260000
"Sep 29, 2022",29514,29514,28997,29226,"29,225.61",388820000
"Sep 28, 2022",29199,29812,29115,29684,"29,683.74",436040000
"Sep 27, 2022",29420,29659,28958,29135,"29,134.99",355460000
"Sep 26, 2022",29537,29631,29161,29261,"29,260.81",369450000
"Sep 23, 2022",29956,29956,29250,29590,"29,590.41",388200000
"Sep 22, 2022",30205,30302,29995,30077,"30,076.68",335270000
"Sep 21, 2022",30819,31021,30182,30184,"30,183.78",354960000
"Sep 20, 2022",30889,30889,30466,30706,"30,706.23",317970000
"Sep 19, 2022",30723,31027,30559,31020,"31,019.68",291200000
"Sep 16, 2022",30867,30867,30550,30822,"30,822.42",627920000
"Sep 15, 2022",31125,31278,30882,30962,"30,961.82",345500000
"Sep 14, 2022",31141,31277,30885,31135,"31,135.09",348670000
"Sep 13, 2022",32007,32007,31019,31105,"31,104.97",428930000
"Sep 12, 2022",32159,32504,32159,32381,"32,381.34",339250000
"Sep 09, 2022",31876,32228,31876,32152,"32,151.71",310980000
"Sep 08, 2022",31482,31783,31322,31775,"31,774.52",344340000
"Sep 07, 2022",31146,31644,31095,31581,"31,581.28",345080000
"Sep 06, 2022",31344,31464,31048,31145,"31,145.30",347320000
"Sep 02, 2022",31849,32027,31182,31318,"31,318.44",306180000
"Sep 01, 2022",31455,31678,31220,31656,"31,656.42",339360000
"Aug 31, 2022",31827,31966,31510,31510,"31,510.43",392780000
"Aug 30, 2022",32164,32206,31647,31791,"31,790.87",317150000
"Aug 29, 2022",32188,32325,31973,32099,"32,098.99",317820000
"Aug 26, 2022",33293,33365,32278,32283,"32,283.40",352850000
"Aug 25, 2022",33029,33306,32890,33292,"33,291.78",308530000
"Aug 24, 2022",32899,33096,32829,32969,"32,969.23",256900000
"Aug 23, 2022",33034,33138,32859,32910,"32,909.59",251870000
"Aug 22, 2022",33587,33587,33008,33064,"33,063.61",308900000
"Aug 19, 2022",33905,33905,33627,33707,"33,706.74",293990000
"Aug 18, 2022",33982,34044,33844,33999,"33,999.04",282550000
"Aug 17, 2022",34030,34161,33828,33980,"33,980.32",281390000
"Aug 16, 2022",33924,34281,33853,34152,"34,152.01",288670000
"Aug 15, 2022",33711,33955,33583,33912,"33,912.44",262670000
"Aug 12, 2022",33431,33767,33398,33761,"33,761.05",299140000
"Aug 11, 2022",33452,33652,33290,33337,"33,336.67",308030000
"Aug 10, 2022",33131,33364,33131,33310,"33,309.51",311740000
"Aug 09, 2022",32807,32878,32703,32774,"32,774.41",281080000
"Aug 08, 2022",32877,33110,32769,32833,"32,832.54",275350000
"Aug 05, 2022",32594,32815,32490,32803,"32,803.47",273010000
"Aug 04, 2022",32806,32829,32653,32727,"32,726.82",315590000
"Aug 03, 2022",32514,32913,32514,32813,"32,812.50",342160000
"Aug 02, 2022",32691,32773,32387,32396,"32,396.17",316740000
"Aug 01, 2022",32756,32972,32641,32798,"32,798.40",321180000
"Jul 29, 2022",32516,32910,32493,32845,"32,845.13",487360000
"Jul 28, 2022",32198,32610,31983,32530,"32,529.63",331110000
"Jul 27, 2022",31865,32336,31799,32198,"32,197.59",365480000
"Jul 26, 2022",31950,31950,31705,31762,"31,761.54",324930000
"Jul 25, 2022",31951,32029,31822,31990,"31,990.04",255450000
"Jul 22, 2022",32168,32219,31731,31899,"31,899.29",319880000
"Jul 21, 2022",31826,32041,31534,32037,"32,036.90",302320000
"Jul 20, 2022",31830,31944,31647,31875,"31,874.84",313520000
"Jul 19, 2022",31166,31842,31166,31827,"31,827.05",378720000
"Jul 18, 2022",31476,31645,30983,31073,"31,072.61",309960000
"Jul 15, 2022",30775,31288,30775,31288,"31,288.26",321570000
"Jul 14, 2022",30452,30680,30144,30630,"30,630.17",325130000
"Jul 13, 2022",30744,30979,30515,30773,"30,772.79",291830000
"Jul 12, 2022",31113,31346,30861,30981,"30,981.33",324190000
"Jul 11, 2022",31278,31368,31114,31174,"31,173.84",245020000
"Jul 08, 2022",31348,31511,31212,31338,"31,338.15",238120000
"Jul 07, 2022",31191,31422,31155,31385,"31,384.55",296620000
"Jul 06, 2022",30957,31225,30795,31038,"31,037.68",289800000
"Jul 05, 2022",30903,30972,30355,30968,"30,967.82",323080000
"Jul 01, 2022",30738,31139,30488,31097,"31,097.26",310440000
"Jun 30, 2022",30790,30980,30432,30775,"30,775.43",394070000
"Jun 29, 2022",31067,31153,30895,31029,"31,029.31",269390000
"Jun 28, 2022",31549,31885,30934,30947,"30,946.99",350780000
"Jun 27, 2022",31534,31599,31351,31438,"31,438.26",309910000
"Jun 24, 2022",30847,31517,30847,31501,"31,500.68",465480000
"Jun 23, 2022",30570,30716,30293,30677,"30,677.36",361420000
"Jun 22, 2022",30353,30778,30166,30483,"30,483.13",343490000
"Jun 21, 2022",30075,30654,30075,30530,"30,530.25",376900000
"Jun 17, 2022",29913,30168,29653,29889,"29,888.78",692830000
"Jun 16, 2022",30306,30306,29740,29927,"29,927.07",442910000
"Jun 15, 2022",30571,31012,30185,30669,"30,668.53",392670000
"Jun 14, 2022",30592,30691,30144,30365,"30,364.83",366800000
"Jun 13, 2022",31145,31145,30374,30517,"30,516.74",472290000
"Jun 10, 2022",32054,32054,31388,31393,"31,392.79",362300000
"Jun 09, 2022",32829,32957,32268,32273,"32,272.79",289710000
"Jun 08, 2022",33087,33157,32824,32911,"32,910.90",270470000
"Jun 07, 2022",32783,33207,32642,33180,"33,180.14",270750000
"Jun 06, 2022",33032,33235,32820,32916,"32,915.78",253010000
"Jun 03, 2022",32986,33136,32839,32900,"32,899.70",298570000
"Jun 02, 2022",32809,33249,32509,33248,"33,248.28",333210000
"Jun 01, 2022",33156,33272,32585,32813,"32,813.23",338210000
"May 31, 2022",33161,33240,32752,32990,"32,990.12",533560000
"May 27, 2022",32735,33214,32682,33213,"33,212.96",328770000
"May 26, 2022",32248,32774,32248,32637,"32,637.19",351220000
"May 25, 2022",31816,32254,31754,32120,"32,120.28",343460000
"May 24, 2022",31718,32015,31366,31929,"31,928.62",382950000
"May 23, 2022",31396,31968,31396,31880,"31,880.24",402010000
"May 20, 2022",31427,31516,30636,31262,"31,261.90",495510000
"May 19, 2022",31263,31569,31016,31253,"31,253.13",517190000
"May 18, 2022",32469,32469,31394,31490,"31,490.07",465060000
"May 17, 2022",32427,32689,32308,32655,"32,654.59",389310000
"May 16, 2022",32152,32514,31928,32223,"32,223.42",330030000
"May 13, 2022",31964,32276,31863,32197,"32,196.66",388520000
"May 12, 2022",31699,31914,31228,31730,"31,730.30",544240000
"May 11, 2022",32123,32584,31799,31834,"31,834.11",458460000
"May 10, 2022",32504,32752,31888,32161,"32,160.74",439290000
"May 09, 2022",32685,32685,32122,32246,"32,245.70",470770000
"May 06, 2022",32774,33056,32475,32899,"32,899.37",416520000
"May 05, 2022",33854,33854,32685,32998,"32,997.97",448420000
"May 04, 2022",33172,34118,33022,34061,"34,061.06",411060000
"May 03, 2022",33086,33342,32915,33129,"33,128.79",364420000
"May 02, 2022",32978,33225,32450,33062,"33,061.50",453390000
"Apr 29, 2022",33787,33920,32913,32977,"32,977.21",501560000
"Apr 28, 2022",33426,34055,33248,33916,"33,916.39",440380000
"Apr 27, 2022",33451,33697,33109,33302,"33,301.93",447230000
"Apr 26, 2022",33907,33910,33231,33240,"33,240.18",400020000
"Apr 25, 2022",33732,34106,33323,34049,"34,049.46",416900000
"Apr 22, 2022",34727,34727,33773,33811,"33,811.40",373280000
"Apr 21, 2022",35259,35492,34724,34793,"34,792.76",366390000
"Apr 20, 2022",34963,35315,34963,35161,"35,160.79",337620000
"Apr 19, 2022",34395,34983,34395,34911,"34,911.20",296350000
"Apr 18, 2022",34411,34618,34279,34412,"34,411.69",264110000
"Apr 14, 2022",34628,34889,34438,34451,"34,451.23",353680000
"Apr 13, 2022",34167,34598,34141,34565,"34,564.59",313630000
"Apr 12, 2022",34413,34670,34103,34220,"34,220.36",333510000
"Apr 11, 2022",34630,34701,34272,34308,"34,308.08",333290000
"Apr 08, 2022",34569,34908,34470,34721,"34,721.12",301750000
"Apr 07, 2022",34439,34706,34191,34584,"34,583.57",319870000
"Apr 06, 2022",34520,34610,34277,34497,"34,496.51",386250000
"Apr 05, 2022",34876,35112,34566,34641,"34,641.18",304010000
"Apr 04, 2022",34800,34941,34615,34922,"34,921.88",316570000
"Apr 01, 2022",34741,34848,34538,34818,"34,818.27",340400000
"Mar 31, 2022",35202,35202,34678,34678,"34,678.35",433400000
"Mar 30, 2022",35274,35361,35059,35229,"35,228.81",317320000
"Mar 29, 2022",35114,35372,35030,35294,"35,294.19",355050000
"Mar 28, 2022",34833,34958,34552,34956,"34,955.89",299790000
"Mar 25, 2022",34702,34943,34632,34861,"34,861.24",285440000
"Mar 24, 2022",34407,34714,34355,34708,"34,707.94",324870000
"Mar 23, 2022",34749,34749,34353,34359,"34,358.50",347880000
"Mar 22, 2022",34583,34882,34583,34807,"34,807.46",368550000
"Mar 21, 2022",34670,34808,34342,34553,"34,552.99",408490000
"Mar 18, 2022",34467,34755,34280,34755,"34,754.93",615420000
"Mar 17, 2022",33995,34484,33896,34481,"34,480.76",339470000
"Mar 16, 2022",33654,34076,33391,34063,"34,063.10",427400000
"Mar 15, 2022",32989,33621,32989,33544,"33,544.34",388810000
"Mar 14, 2022",33000,33396,32818,32945,"32,945.24",394940000
"Mar 11, 2022",33280,33516,32912,32944,"32,944.19",369480000
"Mar 10, 2022",33107,33237,32820,33174,"33,174.07",399480000
"Mar 09, 2022",32860,33457,32860,33286,"33,286.25",418670000
"Mar 08, 2022",32885,33403,32579,32633,"32,632.64",553750000
"Mar 07, 2022",33580,33580,32806,32817,"32,817.38",488400000
"Mar 04, 2022",33655,33655,33254,33615,"33,614.80",408390000
"Mar 03, 2022",33973,34179,33642,33795,"33,794.66",369740000
"Mar 02, 2022",33380,34014,33380,33891,"33,891.35",400920000
"Mar 01, 2022",33813,33870,33108,33295,"33,294.95",438730000
"Feb 28, 2022",33871,33964,33469,33893,"33,892.60",443460000
"Feb 25, 2022",33277,34096,33277,34059,"34,058.75",417630000
"Feb 24, 2022",32830,33269,32273,33224,"33,223.83",590850000
"Feb 23, 2022",33681,33833,33085,33132,"33,131.76",370600000
"Feb 22, 2022",33974,34025,33364,33597,"33,596.61",432090000
"Feb 18, 2022",34310,34424,33976,34079,"34,079.18",414080000
"Feb 17, 2022",34858,34858,34246,34312,"34,312.03",348720000
"Feb 16, 2022",34952,35042,34643,34934,"34,934.27",294410000
"Feb 15, 2022",34686,35048,34686,34989,"34,988.84",305670000
"Feb 14, 2022",34695,34745,34304,34566,"34,566.17",370320000
"Feb 11, 2022",35268,35431,34621,34738,"34,738.06",398860000
"Feb 10, 2022",35631,35800,35101,35242,"35,241.59",411620000
"Feb 09, 2022",35615,35824,35615,35768,"35,768.06",333610000
"Feb 08, 2022",35161,35545,35090,35463,"35,462.78",319190000
"Feb 07, 2022",35108,35325,34994,35091,"35,091.13",328910000
"Feb 04, 2022",35096,35334,34799,35090,"35,089.74",349880000
"Feb 03, 2022",35520,35536,35071,35111,"35,111.16",381020000
"Feb 02, 2022",35378,35679,35290,35629,"35,629.33",359540000
"Feb 01, 2022",35151,35441,34978,35405,"35,405.24",386080000
"Jan 31, 2022",34691,35148,34496,35132,"35,131.86",468070000
"Jan 28, 2022",34135,34732,33808,34725,"34,725.47",568440000
"Jan 27, 2022",34262,34773,34008,34161,"34,160.78",527780000
"Jan 26, 2022",34521,34816,33876,34168,"34,168.09",546330000
"Jan 25, 2022",34187,34591,33546,34298,"34,297.73",506430000
"Jan 24, 2022",34071,34421,33150,34365,"34,364.50",664010000
"Jan 21, 2022",34702,34897,34230,34265,"34,265.37",523880000
"Jan 20, 2022",35103,35490,34670,34715,"34,715.39",369070000
"Jan 19, 2022",35412,35548,35015,35029,"35,028.65",393080000
"Jan 18, 2022",35662,35662,35262,35368,"35,368.47",427260000
"Jan 14, 2022",35996,35996,35641,35912,"35,911.81",389200000
"Jan 13, 2022",36312,36514,36044,36114,"36,113.62",343640000
"Jan 12, 2022",36336,36453,36168,36290,"36,290.32",310180000
"Jan 11, 2022",36059,36271,35769,36252,"36,252.02",356850000
"Jan 10, 2022",36175,36175,35640,36069,"36,068.87",430680000
"Jan 07, 2022",36250,36383,36112,36232,"36,231.66",356110000
"Jan 06, 2022",36409,36464,36201,36236,"36,236.47",385890000
"Jan 05, 2022",36723,36953,36400,36407,"36,407.11",462040000
"Jan 04, 2022",36636,36935,36636,36800,"36,799.65",435080000
"Jan 03, 2022",36322,36596,36246,36585,"36,585.06",347930000
"Dec 31, 2021",36386,36485,36304,36338,"36,338.30",213200000
"Dec 30, 2021",36522,36679,36372,36398,"36,398.08",205620000
"Dec 29, 2021",36421,36572,36396,36489,"36,488.63",213480000
"Dec 28, 2021",36303,36527,36303,36398,"36,398.21",239090000
"Dec 27, 2021",35954,36307,35954,36302,"36,302.38",244350000
"Dec 23, 2021",35782,36061,35782,35951,"35,950.56",247420000
"Dec 22, 2021",35492,35765,35433,35754,"35,753.89",281930000
"Dec 21, 2021",35070,35509,35070,35493,"35,492.70",346080000
"Dec 20, 2021",35222,35222,34666,34932,"34,932.16",386590000
"Dec 17, 2021",35800,35800,35284,35365,"35,365.44",750480000
"Dec 16, 2021",36036,36190,35778,35898,"35,897.64",473620000
"Dec 15, 2021",35549,35944,35389,35927,"35,927.43",424720000
"Dec 14, 2021",35606,35779,35442,35544,"35,544.18",440900000
"Dec 13, 2021",35959,35959,35610,35651,"35,650.95",441110000
"Dec 10, 2021",35831,35983,35710,35971,"35,970.99",361200000
"Dec 09, 2021",35722,35864,35577,35755,"35,754.69",353020000
"Dec 08, 2021",35717,35841,35603,35755,"35,754.75",387650000
"Dec 07, 2021",35424,35819,35424,35719,"35,719.43",474940000
"Dec 06, 2021",34633,35357,34633,35227,"35,227.03",416720000
"Dec 03, 2021",34693,34801,34265,34580,"34,580.08",439550000
"Dec 02, 2021",34076,34760,34076,34640,"34,639.79",466900000
"Dec 01, 2021",34679,35005,34007,34022,"34,022.04",496000000
"Nov 30, 2021",35057,35057,34424,34484,"34,483.72",678800000
"Nov 29, 2021",35018,35288,34896,35136,"35,135.94",416040000
"Nov 26, 2021",35367,35367,34750,34899,"34,899.34",324580000
"Nov 24, 2021",35752,35825,35591,35804,"35,804.38",280960000
"Nov 23, 2021",35620,35842,35543,35814,"35,813.80",392520000
"Nov 22, 2021",35631,35930,35616,35619,"35,619.25",420810000
"Nov 19, 2021",35879,35879,35555,35602,"35,601.98",408840000
"Nov 18, 2021",35902,35953,35654,35871,"35,870.95",435080000
"Nov 17, 2021",36160,36160,35909,35931,"35,931.05",358310000
"Nov 16, 2021",36076,36317,36076,36142,"36,142.22",308290000
"Nov 15, 2021",36129,36236,36032,36087,"36,087.45",280660000
"Nov 12, 2021",35964,36148,35935,36100,"36,100.31",293180000
"Nov 11, 2021",36039,36108,35915,35921,"35,921.23",270320000
"Nov 10, 2021",36299,36347,36010,36080,"36,079.94",278390000
"Nov 09, 2021",36405,36417,36173,36320,"36,319.98",258020000
"Nov 08, 2021",36416,36566,36334,36432,"36,432.22",284400000
"Nov 05, 2021",36269,36485,36190,36328,"36,327.95",344600000
"Nov 04, 2021",36107,36168,35986,36124,"36,124.23",307640000
"Nov 03, 2021",36059,36179,35892,36158,"36,157.58",262540000
"Nov 02, 2021",35935,36089,35884,36053,"36,052.63",304510000
"Nov 01, 2021",35834,36010,35798,35914,"35,913.84",292880000
"Oct 29, 2021",35712,35853,35633,35820,"35,819.56",399400000
"Oct 28, 2021",35545,35742,35545,35730,"35,730.48",337400000
"Oct 27, 2021",35835,35835,35490,35491,"35,490.69",354180000
"Oct 26, 2021",35791,35893,35735,35757,"35,756.88",321910000
"Oct 25, 2021",35693,35787,35629,35741,"35,741.15",267220000
"Oct 22, 2021",35608,35765,35534,35677,"35,677.02",346290000
"Oct 21, 2021",35520,35612,35443,35603,"35,603.08",298390000
"Oct 20, 2021",35475,35670,35466,35609,"35,609.34",265750000
"Oct 19, 2021",35325,35463,35290,35457,"35,457.31",278510000
"Oct 18, 2021",35221,35328,35036,35259,"35,258.61",312640000
"Oct 15, 2021",35024,35321,35024,35295,"35,294.76",327870000
"Oct 14, 2021",34443,34924,34443,34913,"34,912.56",338540000
"Oct 13, 2021",34373,34450,34115,34378,"34,377.81",316220000
"Oct 12, 2021",34507,34611,34319,34378,"34,378.34",319010000
"Oct 11, 2021",34724,34951,34487,34496,"34,496.06",256820000
"Oct 08, 2021",34758,34843,34662,34746,"34,746.25",238080000
"Oct 07, 2021",34510,34975,34510,34755,"34,754.94",273290000
"Oct 06, 2021",34199,34433,33855,34417,"34,416.99",322170000
"Oct 05, 2021",34035,34491,34035,34315,"34,314.67",311520000
"Oct 04, 2021",34313,34410,33822,34003,"34,002.92",396860000
"Oct 01, 2021",33931,34491,33786,34326,"34,326.46",427580000
"Sep 30, 2021",34468,34557,33833,33844,"33,843.92",354830000
"Sep 29, 2021",34360,34580,34306,34391,"34,390.72",290350000
"Sep 28, 2021",34748,34798,34255,34300,"34,299.99",379020000
"Sep 27, 2021",34739,35061,34739,34869,"34,869.37",289480000
"Sep 24, 2021",34762,34857,34648,34798,"34,798.00",254310000
"Sep 23, 2021",34296,34880,34296,34765,"34,764.82",283890000
"Sep 22, 2021",34007,34440,34007,34258,"34,258.32",296590000
"Sep 21, 2021",34026,34314,33914,33920,"33,919.84",306970000
"Sep 20, 2021",34460,34460,33613,33970,"33,970.47",435780000
"Sep 17, 2021",34738,34780,34520,34585,"34,584.88",560630000
"Sep 16, 2021",34810,34944,34540,34751,"34,751.32",278270000
"Sep 15, 2021",34581,34881,34522,34814,"34,814.39",317490000
"Sep 14, 2021",34907,34990,34510,34578,"34,577.57",325140000
"Sep 13, 2021",34666,34939,34666,34870,"34,869.63",334190000
"Sep 10, 2021",34950,35104,34600,34608,"34,607.72",333230000
"Sep 09, 2021",35013,35200,34847,34879,"34,879.38",261330000
"Sep 08, 2021",35087,35175,34926,35031,"35,031.07",261880000
"Sep 07, 2021",35373,35373,35061,35100,"35,100.00",289830000
"Sep 03, 2021",35402,35423,35269,35369,"35,369.09",221370000
"Sep 02, 2021",35353,35475,35348,35444,"35,443.82",263370000
"Sep 01, 2021",35388,35407,35287,35313,"35,312.53",265520000
"Aug 31, 2021",35391,35450,35290,35361,"35,360.73",337240000
"Aug 30, 2021",35472,35511,35374,35400,"35,399.84",245390000
"Aug 27, 2021",35231,35479,35231,35456,"35,455.80",240990000
"Aug 26, 2021",35450,35498,35205,35213,"35,213.12",239740000
"Aug 25, 2021",35389,35501,35288,35406,"35,405.50",237230000
"Aug 24, 2021",35383,35445,35356,35366,"35,366.26",228710000
"Aug 23, 2021",35161,35429,35161,35336,"35,335.71",245760000
"Aug 20, 2021",34918,35177,34867,35120,"35,120.08",269320000
"Aug 19, 2021",34875,34998,34690,34894,"34,894.12",333550000
"Aug 18, 2021",35310,35357,34943,34961,"34,960.69",289800000
"Aug 17, 2021",35500,35500,35120,35343,"35,343.28",309410000
"Aug 16, 2021",35491,35631,35232,35625,"35,625.40",292590000
"Aug 13, 2021",35552,35611,35475,35515,"35,515.38",236790000
"Aug 12, 2021",35482,35511,35353,35500,"35,499.85",231600000
"Aug 11, 2021",35301,35501,35301,35485,"35,484.97",232800000
"Aug 10, 2021",35135,35285,35092,35265,"35,264.67",255040000
"Aug 09, 2021",35230,35230,35041,35102,"35,101.85",207850000
"Aug 06, 2021",35077,35247,35077,35209,"35,208.51",231570000
"Aug 05, 2021",34816,35068,34816,35064,"35,064.25",216580000
"Aug 04, 2021",35047,35047,34791,34793,"34,792.67",245300000
"Aug 03, 2021",34864,35121,34714,35116,"35,116.40",259820000
"Aug 02, 2021",34969,35192,34808,34838,"34,838.16",238620000
"Jul 30, 2021",35013,35106,34871,34935,"34,935.47",276410000
"Jul 29, 2021",34986,35172,34986,35085,"35,084.53",222680000
"Jul 28, 2021",35110,35116,34877,34931,"34,930.93",347170000
"Jul 27, 2021",35079,35079,34878,35059,"35,058.52",326610000
"Jul 26, 2021",35056,35150,34950,35144,"35,144.31",259790000
"Jul 23, 2021",34855,35095,34855,35062,"35,061.55",314040000
"Jul 22, 2021",34800,34879,34673,34823,"34,823.35",291610000
"Jul 21, 2021",34557,34820,34557,34798,"34,798.00",317090000
"Jul 20, 2021",33982,34622,33982,34512,"34,511.99",387020000
"Jul 19, 2021",34528,34528,33742,33962,"33,962.04",440440000
"Jul 16, 2021",35008,35090,34648,34688,"34,687.85",322980000
"Jul 15, 2021",34925,34990,34763,34987,"34,987.02",320450000
"Jul 14, 2021",34921,35069,34827,34933,"34,933.23",344340000
"Jul 13, 2021",34960,35019,34877,34889,"34,888.79",322430000
"Jul 12, 2021",34837,35015,34730,34996,"34,996.18",294800000
"Jul 09, 2021",34458,34894,34458,34870,"34,870.16",301750000
"Jul 08, 2021",34569,34569,34146,34422,"34,421.93",335690000
"Jul 07, 2021",34604,34709,34436,34682,"34,681.79",302700000
"Jul 06, 2021",34790,34814,34358,34577,"34,577.37",348430000
"Jul 02, 2021",34642,34822,34613,34786,"34,786.35",301860000
"Jul 01, 2021",34507,34640,34499,34634,"34,633.53",268280000
"Jun 30, 2021",34291,34553,34245,34503,"34,502.51",295560000
"Jun 29, 2021",34339,34470,34267,34292,"34,292.29",282360000
"Jun 28, 2021",34428,34450,34186,34283,"34,283.27",280280000
"Jun 25, 2021",34328,34501,34315,34434,"34,433.84",432550000
"Jun 24, 2021",33934,34233,33934,34197,"34,196.82",275870000
"Jun 23, 2021",33949,34009,33870,33874,"33,874.24",255280000
"Jun 22, 2021",33873,34041,33751,33946,"33,945.58",284130000
"Jun 21, 2021",33312,33908,33312,33877,"33,876.97",317260000
"Jun 18, 2021",33623,33623,33272,33290,"33,290.08",563920000
"Jun 17, 2021",34014,34092,33627,33823,"33,823.45",354690000
"Jun 16, 2021",34308,34333,33917,34034,"34,033.67",347150000
"Jun 15, 2021",34397,34420,34199,34299,"34,299.33",272430000
"Jun 14, 2021",34473,34473,34212,34394,"34,393.75",295530000
"Jun 11, 2021",34500,34618,34329,34480,"34,479.60",260840000
"Jun 10, 2021",34503,34738,34447,34466,"34,466.24",309310000
"Jun 09, 2021",34626,34655,34439,34447,"34,447.14",245100000
"Jun 08, 2021",34646,34665,34453,34600,"34,599.82",289440000
"Jun 07, 2021",34766,34821,34575,34630,"34,630.24",259120000
"Jun 04, 2021",34619,34772,34619,34756,"34,756.39",270050000
"Jun 03, 2021",34550,34667,34334,34577,"34,577.04",297380000
"Jun 02, 2021",34615,34707,34546,34600,"34,600.38",263810000
"Jun 01, 2021",34584,34849,34543,34575,"34,575.31",287700000
"May 28, 2021",34559,34631,34520,34529,"34,529.45",290850000
"May 27, 2021",34432,34609,34389,34465,"34,464.64",520630000
"May 26, 2021",34336,34410,34271,34323,"34,323.05",258780000
"May 25, 2021",34429,34511,34266,34312,"34,312.46",285760000
"May 24, 2021",34254,34473,34254,34394,"34,393.98",251010000
"May 21, 2021",34122,34415,34122,34208,"34,207.84",306360000
"May 20, 2021",33906,34233,33872,34084,"34,084.15",320150000
"May 19, 2021",33946,33946,33474,33896,"33,896.04",348480000
"May 18, 2021",34351,34409,34044,34061,"34,060.66",289590000
"May 17, 2021",34375,34384,34177,34328,"34,327.79",291910000
"May 14, 2021",34051,34454,34051,34382,"34,382.13",303230000
"May 13, 2021",33625,34182,33623,34021,"34,021.45",350820000
"May 12, 2021",34206,34208,33555,33588,"33,587.66",381350000
"May 11, 2021",34573,34573,34075,34269,"34,269.16",413180000
"May 10, 2021",34785,35092,34742,34743,"34,742.82",361620000
"May 07, 2021",34578,34811,34464,34778,"34,777.76",303400000
"May 06, 2021",34245,34561,34185,34549,"34,548.53",315430000
"May 05, 2021",34164,34331,34040,34230,"34,230.34",253180000
"May 04, 2021",34080,34148,33766,34133,"34,133.03",407860000
"May 03, 2021",33905,34221,33905,34113,"34,113.23",289770000
"Apr 30, 2021",33989,33989,33785,33875,"33,874.85",374890000
"Apr 29, 2021",33856,34087,33744,34060,"34,060.36",408450000
"Apr 28, 2021",33860,33947,33806,33820,"33,820.38",335820000
"Apr 27, 2021",33932,34044,33870,33985,"33,984.93",289030000
"Apr 26, 2021",34044,34149,33941,33982,"33,981.57",279300000
"Apr 23, 2021",33805,34158,33713,34043,"34,043.49",346380000
"Apr 22, 2021",34110,34127,33717,33816,"33,815.90",344470000
"Apr 21, 2021",33808,34160,33774,34137,"34,137.31",290300000
"Apr 20, 2021",34034,34034,33687,33821,"33,821.30",350960000
"Apr 19, 2021",34182,34182,33981,34078,"34,077.63",312540000
"Apr 16, 2021",34058,34257,34058,34201,"34,200.67",343760000
"Apr 15, 2021",33789,34069,33789,34036,"34,035.99",319680000
"Apr 14, 2021",33669,33911,33669,33731,"33,730.89",315330000
"Apr 13, 2021",33721,33742,33546,33677,"33,677.27",324480000
"Apr 12, 2021",33775,33786,33666,33745,"33,745.40",327370000
"Apr 09, 2021",33526,33811,33526,33801,"33,800.60",316410000
"Apr 08, 2021",33470,33507,33343,33504,"33,503.57",304040000
"Apr 07, 2021",33445,33522,33348,33446,"33,446.26",273440000
"Apr 06, 2021",33500,33545,33380,33430,"33,430.24",297940000
"Apr 05, 2021",33222,33618,33222,33527,"33,527.19",344270000
"Apr 01, 2021",33055,33167,32985,33153,"33,153.21",311880000
"Mar 31, 2021",33116,33174,32981,32982,"32,981.55",414140000
"Mar 30, 2021",33128,33171,32989,33067,"33,066.96",307510000
"Mar 29, 2021",33088,33259,32905,33171,"33,171.37",351610000
"Mar 26, 2021",32681,33099,32681,33073,"33,072.88",382170000
"Mar 25, 2021",32347,32673,32071,32619,"32,619.48",411990000
"Mar 24, 2021",32471,32788,32418,32420,"32,420.06",399390000
"Mar 23, 2021",32692,32754,32356,32423,"32,423.15",385840000
"Mar 22, 2021",32602,32810,32513,32731,"32,731.20",383500000
"Mar 19, 2021",32858,32858,32505,32628,"32,627.97",811890000
"Mar 18, 2021",32928,33228,32831,32862,"32,862.30",418480000
"Mar 17, 2021",32826,33048,32782,33015,"33,015.37",391200000
"Mar 16, 2021",32967,32967,32778,32826,"32,825.95",386370000
"Mar 15, 2021",32799,32973,32630,32953,"32,953.46",360080000
"Mar 12, 2021",32462,32793,32462,32779,"32,778.64",346400000
"Mar 11, 2021",32355,32662,32346,32486,"32,485.59",400020000
"Mar 10, 2021",31907,32390,31907,32297,"32,297.02",409110000
"Mar 09, 2021",31892,32150,31823,31833,"31,832.74",458690000
"Mar 08, 2021",31512,32148,31512,31802,"31,802.44",496980000
"Mar 05, 2021",31029,31580,30767,31496,"31,496.30",501810000
"Mar 04, 2021",31289,31462,30548,30924,"30,924.14",537850000
"Mar 03, 2021",31353,31563,31260,31270,"31,270.09",409660000
"Mar 02, 2021",31535,31623,31377,31392,"31,391.52",337270000
"Mar 01, 2021",31066,31668,31066,31536,"31,535.51",385670000
"Feb 26, 2021",31401,31451,30911,30932,"30,932.37",532250000
"Feb 25, 2021",31956,31985,31293,31402,"31,402.01",454110000
"Feb 24, 2021",31500,32010,31421,31962,"31,961.86",410150000
"Feb 23, 2021",31502,31653,31159,31537,"31,537.35",460410000
"Feb 22, 2021",31381,31653,31287,31522,"31,521.69",387210000
"Feb 19, 2021",31504,31648,31469,31494,"31,494.32",353070000
"Feb 18, 2021",31559,31559,31285,31493,"31,493.34",325990000
"Feb 17, 2021",31486,31644,31339,31613,"31,613.02",343510000
"Feb 16, 2021",31472,31609,31443,31523,"31,522.75",329210000
"Feb 12, 2021",31421,31475,31348,31458,"31,458.40",263090000
"Feb 11, 2021",31466,31544,31244,31431,"31,430.70",280320000
"Feb 10, 2021",31428,31511,31221,31438,"31,437.80",326450000
"Feb 09, 2021",31360,31439,31246,31376,"31,375.83",308210000
"Feb 08, 2021",31191,31386,31191,31386,"31,385.76",322250000
"Feb 05, 2021",31094,31252,31083,31148,"31,148.24",293550000
"Feb 04, 2021",30738,31066,30738,31056,"31,055.86",338330000
"Feb 03, 2021",30690,30793,30521,30724,"30,723.60",305590000
"Feb 02, 2021",30277,30841,30277,30687,"30,687.48",333160000
"Feb 01, 2021",30055,30336,30015,30212,"30,211.91",347060000
"Jan 29, 2021",30554,30554,29856,29983,"29,982.62",536320000
"Jan 28, 2021",30377,30951,30377,30603,"30,603.36",465140000
"Jan 27, 2021",30894,30894,30207,30303,"30,303.17",566470000
"Jan 26, 2021",30969,31121,30922,30937,"30,937.04",373150000
"Jan 25, 2021",30990,30990,30564,30960,"30,960.00",472890000
"Jan 22, 2021",31142,31142,30908,30997,"30,996.98",436040000
"Jan 21, 2021",31198,31272,31121,31176,"31,176.01",418780000
"Jan 20, 2021",31018,31236,30998,31188,"31,188.38",384980000
"Jan 19, 2021",30887,31087,30865,30931,"30,930.52",386400000
"Jan 15, 2021",30927,30942,30613,30814,"30,814.26",433000000
"Jan 14, 2021",31086,31224,30982,30992,"30,991.52",427810000
"Jan 13, 2021",31085,31153,30992,31060,"31,060.47",413250000
"Jan 12, 2021",31015,31115,30889,31069,"31,068.69",362620000
"Jan 11, 2021",31015,31097,30832,31009,"31,008.69",356540000
"Jan 08, 2021",31070,31141,30793,31098,"31,097.97",381150000
"Jan 07, 2021",30901,31193,30898,31041,"31,041.13",427810000
"Jan 06, 2021",30363,31023,30313,30829,"30,829.40",500430000
"Jan 05, 2021",30204,30505,30142,30392,"30,391.60",350910000
"Jan 04, 2021",30627,30674,29882,30224,"30,223.89",475080000
"Dec 31, 2020",30418,30637,30345,30606,"30,606.48",284470000
"Dec 30, 2020",30415,30525,30393,30410,"30,409.56",291890000
"Dec 29, 2020",30492,30589,30274,30336,"30,335.67",357610000
"Dec 28, 2020",30283,30526,30283,30404,"30,403.97",302490000
"Dec 24, 2020",30156,30210,30099,30200,"30,199.87",145570000
"Dec 23, 2020",30047,30293,30047,30130,"30,129.83",274050000
"Dec 22, 2020",30200,30200,29993,30016,"30,015.51",388810000
"Dec 21, 2020",30159,30304,29756,30216,"30,216.45",437480000
"Dec 18, 2020",30314,30344,30029,30179,"30,179.05",782070000
"Dec 17, 2020",30216,30324,30216,30303,"30,303.37",345530000
"Dec 16, 2020",30191,30236,30080,30155,"30,154.54",344590000
"Dec 15, 2020",29919,30243,29895,30199,"30,199.31",417770000
"Dec 14, 2020",30124,30326,29849,29862,"29,861.55",371980000
"Dec 11, 2020",29988,30071,29821,30046,"30,046.37",393870000
"Dec 10, 2020",30033,30064,29877,29999,"29,999.26",325550000
"Dec 09, 2020",30230,30320,29952,30069,"30,068.81",380520000
"Dec 08, 2020",29998,30246,29972,30174,"30,173.88",311190000
"Dec 07, 2020",30233,30233,29967,30070,"30,069.79",365810000
"Dec 04, 2020",29990,30218,29990,30218,"30,218.26",356590000
"Dec 03, 2020",29921,30111,29877,29970,"29,969.52",405680000
"Dec 02, 2020",29695,29903,29599,29884,"29,883.79",385280000
"Dec 01, 2020",29798,30083,29798,29824,"29,823.92",429510000
"Nov 30, 2020",29855,29855,29464,29639,"29,638.64",551350000
"Nov 27, 2020",29911,30015,29820,29910,"29,910.37",177040000
"Nov 25, 2020",30059,30059,29806,29872,"29,872.47",323030000
"Nov 24, 2020",29746,30117,29746,30046,"30,046.24",432760000
"Nov 23, 2020",29333,29668,29333,29591,"29,591.27",387200000
"Nov 20, 2020",29438,29470,29231,29263,"29,263.48",305350000
"Nov 19, 2020",29371,29525,29228,29483,"29,483.23",331330000
"Nov 18, 2020",29875,29931,29433,29438,"29,438.42",382850000
"Nov 17, 2020",29800,29872,29520,29783,"29,783.35",372380000
"Nov 16, 2020",29672,29964,29672,29950,"29,950.44",418290000
"Nov 13, 2020",29204,29559,29204,29480,"29,479.81",348810000
"Nov 12, 2020",29232,29312,28902,29080,"29,080.17",369320000
"Nov 11, 2020",29524,29593,29281,29398,"29,397.63",376700000
"Nov 10, 2020",29254,29479,29127,29421,"29,420.92",526980000
"Nov 09, 2020",29468,29934,29131,29158,"29,157.97",673310000
"Nov 06, 2020",28399,28432,28190,28323,"28,323.40",326710000
"Nov 05, 2020",28083,28495,28083,28390,"28,390.18",390140000
"Nov 04, 2020",27513,28302,27513,27848,"27,847.66",447860000
"Nov 03, 2020",27139,27640,27139,27480,"27,480.03",350980000
"Nov 02, 2020",26691,27043,26691,26925,"26,925.05",379990000
"Oct 30, 2020",26572,26639,26144,26502,"26,501.60",504820000
"Oct 29, 2020",26481,26892,26291,26659,"26,659.11",419770000
"Oct 28, 2020",27102,27102,26497,26520,"26,519.95",496150000
"Oct 27, 2020",27651,27708,27458,27463,"27,463.19",366400000
"Oct 26, 2020",28186,28186,27370,27685,"27,685.38",404150000
"Oct 23, 2020",28410,28437,28150,28336,"28,335.57",347300000
"Oct 22, 2020",28197,28421,28040,28364,"28,363.66",330320000
"Oct 21, 2020",28271,28451,28196,28211,"28,210.82",299420000
"Oct 20, 2020",28246,28575,28243,28309,"28,308.79",350220000
"Oct 19, 2020",28634,28712,28139,28195,"28,195.42",358700000
"Oct 16, 2020",28571,28843,28571,28606,"28,606.31",356140000
"Oct 15, 2020",28323,28536,28182,28494,"28,494.20",328940000
"Oct 14, 2020",28731,28793,28462,28514,"28,514.00",370800000
"Oct 13, 2020",28765,28809,28604,28680,"28,679.81",526110000
"Oct 12, 2020",28671,28958,28660,28838,"28,837.52",493680000
"Oct 09, 2020",28534,28676,28441,28587,"28,586.90",324050000
"Oct 08, 2020",28349,28459,28266,28426,"28,425.51",314750000
"Oct 07, 2020",27971,28370,27971,28303,"28,303.46",328750000
"Oct 06, 2020",28214,28354,27728,27773,"27,772.76",435030000
"Oct 05, 2020",27825,28163,27825,28149,"28,148.64",318210000
"Oct 02, 2020",27536,27861,27383,27683,"27,682.81",392770000
"Oct 01, 2020",27941,28041,27669,27817,"27,816.90",373450000
"Sep 30, 2020",27515,28026,27511,27782,"27,781.70",452550000
"Sep 29, 2020",27560,27606,27338,27453,"27,452.66",303820000
"Sep 28, 2020",27362,27723,27362,27584,"27,584.06",401860000
"Sep 25, 2020",26695,27239,26635,27174,"27,173.96",388900000
"Sep 24, 2020",26716,27095,26537,26815,"26,815.44",447810000
"Sep 23, 2020",27414,27464,26716,26763,"26,763.13",459470000
"Sep 22, 2020",27170,27333,26990,27288,"27,288.18",420720000
"Sep 21, 2020",27485,27485,26715,27148,"27,147.70",523660000
"Sep 18, 2020",27865,27947,27488,27657,"27,657.42",698710000
"Sep 17, 2020",27834,28057,27648,27902,"27,901.98",437230000
"Sep 16, 2020",28032,28365,28022,28032,"28,032.38",416650000
"Sep 15, 2020",28140,28231,27931,27996,"27,995.60",414520000
"Sep 14, 2020",27719,28086,27719,27993,"27,993.33",380750000
"Sep 11, 2020",27614,27829,27448,27666,"27,665.64",435330000
"Sep 10, 2020",28023,28175,27447,27535,"27,534.58",442850000
"Sep 09, 2020",27712,28206,27705,27940,"27,940.47",460590000
"Sep 08, 2020",27925,27925,27465,27501,"27,500.89",580860000
"Sep 04, 2020",28341,28540,27665,28133,"28,133.31",694640000
"Sep 03, 2020",29091,29199,28075,28293,"28,292.73",650080000
"Sep 02, 2020",28737,29163,28714,29101,"29,100.50",539510000
"Sep 01, 2020",28440,28659,28291,28646,"28,645.66",423410000
"Aug 31, 2020",28644,28644,28364,28430,"28,430.05",517320000
"Aug 28, 2020",28601,28733,28488,28654,"28,653.87",369740000
"Aug 27, 2020",28384,28634,28364,28492,"28,492.27",404340000
"Aug 26, 2020",28258,28354,28154,28332,"28,331.92",327070000
"Aug 25, 2020",28347,28401,28095,28248,"28,248.44",338420000
"Aug 24, 2020",28078,28315,28042,28308,"28,308.46",383880000
"Aug 21, 2020",27758,27959,27687,27930,"27,930.33",372720000
"Aug 20, 2020",27623,27781,27526,27740,"27,739.73",304550000
"Aug 19, 2020",27811,27920,27648,27693,"27,692.88",311460000
"Aug 18, 2020",27853,27891,27669,27778,"27,778.07",276170000
"Aug 17, 2020",27970,28000,27816,27845,"27,844.91",286860000
"Aug 14, 2020",27829,27978,27759,27931,"27,931.02",275540000
"Aug 13, 2020",27923,27986,27790,27897,"27,896.72",360160000
"Aug 12, 2020",27860,28044,27843,27977,"27,976.84",340210000
"Aug 11, 2020",27962,28155,27625,27687,"27,686.91",428220000
"Aug 10, 2020",27488,27804,27488,27791,"27,791.44",360340000
"Aug 07, 2020",27322,27456,27224,27433,"27,433.48",321170000
"Aug 06, 2020",27171,27394,27145,27387,"27,386.98",322460000
"Aug 05, 2020",26925,27222,26925,27202,"27,201.52",366000000
"Aug 04, 2020",26665,26833,26598,26828,"26,828.47",346350000
"Aug 03, 2020",26542,26707,26534,26664,"26,664.40",439380000
"Jul 31, 2020",26409,26440,26014,26428,"26,428.32",488050000
"Jul 30, 2020",26367,26375,25992,26314,"26,313.65",351540000
"Jul 29, 2020",26388,26602,26375,26540,"26,539.57",347580000
"Jul 28, 2020",26529,26557,26362,26379,"26,379.28",361090000
"Jul 27, 2020",26448,26625,26427,26585,"26,584.77",400930000
"Jul 24, 2020",26533,26626,26403,26470,"26,469.89",494170000
"Jul 23, 2020",26956,26974,26560,26652,"26,652.33",419800000
"Jul 22, 2020",26825,27035,26794,27006,"27,005.84",404340000
"Jul 21, 2020",26833,27025,26766,26840,"26,840.40",364930000
"Jul 20, 2020",26660,26765,26504,26681,"26,680.87",309390000
"Jul 17, 2020",26775,26808,26620,26672,"26,671.95",296460000
"Jul 16, 2020",26747,26879,26590,26735,"26,734.71",287330000
"Jul 15, 2020",27010,27071,26692,26870,"26,870.10",384900000
"Jul 14, 2020",26044,26691,25995,26643,"26,642.59",401640000
"Jul 13, 2020",26225,26639,26044,26086,"26,085.80",425320000
"Jul 10, 2020",25690,26101,25638,26075,"26,075.30",338170000
"Jul 09, 2020",26095,26103,25524,25706,"25,706.09",387610000
"Jul 08, 2020",25950,26109,25816,26067,"26,067.28",337300000
"Jul 07, 2020",26172,26175,25867,25890,"25,890.18",346820000
"Jul 06, 2020",25996,26298,25996,26287,"26,287.03",340690000
"Jul 02, 2020",25936,26204,25778,25827,"25,827.36",349130000
"Jul 01, 2020",25879,26019,25714,25735,"25,734.97",373180000
"Jun 30, 2020",25512,25905,25475,25813,"25,812.88",410780000
"Jun 29, 2020",25152,25601,25096,25596,"25,595.80",378070000
"Jun 26, 2020",25642,25642,24971,25016,"25,015.55",640860000
"Jun 25, 2020",25365,25770,25210,25746,"25,745.60",384560000
"Jun 24, 2020",25993,25993,25297,25446,"25,445.94",450120000
"Jun 23, 2020",26159,26315,26106,26156,"26,156.10",389980000
"Jun 22, 2020",25865,26060,25668,26025,"26,024.96",351780000
"Jun 19, 2020",26213,26451,25760,25871,"25,871.46",669390000
"Jun 18, 2020",26016,26154,25849,26080,"26,080.10",328390000
"Jun 17, 2020",26331,26400,26068,26120,"26,119.61",328830000
"Jun 16, 2020",26327,26611,25812,26290,"26,289.98",489500000
"Jun 15, 2020",25270,25892,24843,25763,"25,763.16",461230000
"Jun 12, 2020",25659,25966,25078,25606,"25,605.54",514440000
"Jun 11, 2020",26283,26294,25083,25128,"25,128.17",647780000
"Jun 10, 2020",27252,27355,26938,26990,"26,989.99",448930000
"Jun 09, 2020",27447,27447,27151,27272,"27,272.30",381430000
"Jun 08, 2020",27233,27580,27232,27572,"27,572.44",430200000
"Jun 05, 2020",26837,27338,26837,27111,"27,110.98",542310000
"Jun 04, 2020",26226,26384,26082,26282,"26,281.82",372190000
"Jun 03, 2020",25907,26338,25907,26270,"26,269.89",398790000
"Jun 02, 2020",25583,25743,25524,25743,"25,742.65",352610000
"Jun 01, 2020",25343,25509,25221,25475,"25,475.02",338310000
"May 29, 2020",25324,25483,25032,25383,"25,383.11",527620000
"May 28, 2020",25697,25759,25359,25401,"25,400.64",377800000
"May 27, 2020",25299,25552,25010,25548,"25,548.27",411230000
"May 26, 2020",24782,25176,24782,24995,"24,995.11",424380000
"May 22, 2020",24462,24482,24294,24465,"24,465.16",255660000
"May 21, 2020",24564,24718,24371,24474,"24,474.12",346770000
"May 20, 2020",24456,24649,24456,24576,"24,575.90",366510000
"May 19, 2020",24577,24600,24203,24207,"24,206.86",374100000
"May 18, 2020",24060,24709,24060,24597,"24,597.37",484190000
"May 15, 2020",23455,23730,23354,23685,"23,685.42",491510000
"May 14, 2020",23049,23631,22790,23625,"23,625.34",472700000
"May 13, 2020",23702,23709,23068,23248,"23,247.97",469950000
"May 12, 2020",24293,24382,23762,23765,"23,764.78",359480000
"May 11, 2020",24256,24366,24070,24222,"24,221.99",352400000
"May 08, 2020",24108,24350,24107,24331,"24,331.32",335760000
"May 07, 2020",23837,24095,23834,23876,"23,875.89",369890000
"May 06, 2020",23979,24055,23661,23665,"23,664.64",377450000
"May 05, 2020",23959,24170,23869,23883,"23,883.09",369710000
"May 04, 2020",23582,23770,23361,23750,"23,749.76",355360000
"May 01, 2020",24121,24121,23645,23724,"23,723.69",418160000
"Apr 30, 2020",24586,24586,24187,24346,"24,345.72",487840000
"Apr 29, 2020",24490,24765,24454,24634,"24,633.86",455290000
"Apr 28, 2020",24357,24512,24031,24102,"24,101.55",400250000
"Apr 27, 2020",23866,24208,23841,24134,"24,133.78",389390000
"Apr 24, 2020",23628,23826,23418,23775,"23,775.27",376020000
"Apr 23, 2020",23543,23885,23483,23515,"23,515.26",389290000
"Apr 22, 2020",23437,23613,23340,23476,"23,475.82",352880000
"Apr 21, 2020",23365,23365,22942,23019,"23,018.88",485140000
"Apr 20, 2020",24095,24109,23627,23650,"23,650.44",423410000
"Apr 17, 2020",23817,24264,23817,24242,"24,242.49",525950000
"Apr 16, 2020",23544,23598,23211,23538,"23,537.68",471050000
"Apr 15, 2020",23601,23650,23233,23504,"23,504.35",437630000
"Apr 14, 2020",23691,24041,23683,23950,"23,949.76",485910000
"Apr 13, 2020",23699,23699,23095,23391,"23,390.77",394320000
"Apr 09, 2020",23691,24009,23504,23719,"23,719.37",566400000
"Apr 08, 2020",22893,23513,22683,23434,"23,433.57",472740000
"Apr 07, 2020",23537,23617,22634,22654,"22,653.86",594660000
"Apr 06, 2020",21694,22783,21694,22680,"22,679.99",610760000
"Apr 03, 2020",21286,21448,20863,21053,"21,052.53",450010000
"Apr 02, 2020",20819,21478,20735,21413,"21,413.44",529540000
"Apr 01, 2020",21227,21487,20784,20944,"20,943.51",506680000
"Mar 31, 2020",22208,22480,21852,21917,"21,917.16",571210000
"Mar 30, 2020",21678,22378,21522,22327,"22,327.48",545540000
"Mar 27, 2020",21898,22328,21469,21637,"21,636.78",588830000
"Mar 26, 2020",21468,22595,21427,22552,"22,552.17",705180000
"Mar 25, 2020",21050,22020,20538,21201,"21,200.55",796320000
"Mar 24, 2020",19722,20738,19649,20705,"20,704.91",799340000
"Mar 23, 2020",19028,19121,18214,18592,"18,591.93",787970000
"Mar 20, 2020",20253,20531,19094,19174,"19,173.98",872290000
"Mar 19, 2020",19830,20443,19177,20087,"20,087.19",780300000
"Mar 18, 2020",20189,20489,18917,19899,"19,898.92",871360000
"Mar 17, 2020",20487,21379,19882,21237,"21,237.38",793060000
"Mar 16, 2020",20918,21768,20116,20189,"20,188.52",770130000
"Mar 13, 2020",21974,23190,21285,23186,"23,185.62",843080000
"Mar 12, 2020",22185,22838,21154,21201,"21,200.62",908260000
"Mar 11, 2020",24605,24605,23328,23553,"23,553.22",663960000
"Mar 10, 2020",24453,25021,23690,25018,"25,018.16",654860000
"Mar 09, 2020",24992,24992,23706,23851,"23,851.02",750430000
"Mar 06, 2020",25457,25994,25227,25865,"25,864.78",599780000
"Mar 05, 2020",26672,26672,25943,26121,"26,121.28",477370000
"Mar 04, 2020",26384,27102,26286,27091,"27,090.86",457590000
"Mar 03, 2020",26762,27085,25706,25917,"25,917.41",647080000
"Mar 02, 2020",25591,26706,25392,26703,"26,703.32",637200000
"Feb 28, 2020",25271,25494,24681,25409,"25,409.36",915990000
"Feb 27, 2020",26526,26775,25753,25767,"25,766.64",664980000
"Feb 26, 2020",27159,27543,26891,26958,"26,957.59",472450000
"Feb 25, 2020",28038,28149,26998,27081,"27,081.36",513270000
"Feb 24, 2020",28403,28403,27912,27961,"27,960.80",452580000
"Feb 21, 2020",29147,29147,28893,28992,"28,992.41",311210000
"Feb 20, 2020",29296,29368,28960,29220,"29,219.98",287780000
"Feb 19, 2020",29313,29409,29274,29348,"29,348.03",240640000
"Feb 18, 2020",29283,29330,29117,29232,"29,232.19",256600000
"Feb 14, 2020",29440,29463,29283,29398,"29,398.08",231000000
"Feb 13, 2020",29436,29535,29346,29423,"29,423.31",291150000
"Feb 12, 2020",29407,29569,29407,29551,"29,551.42",309530000
"Feb 11, 2020",29391,29415,29210,29276,"29,276.34",279540000
"Feb 10, 2020",28996,29278,28996,29277,"29,276.82",250510000
"Feb 07, 2020",29287,29287,29057,29103,"29,102.51",252860000
"Feb 06, 2020",29389,29408,29247,29380,"29,379.77",263700000
"Feb 05, 2020",29049,29309,29001,29291,"29,290.85",357540000
"Feb 04, 2020",28697,28905,28697,28808,"28,807.63",332750000
"Feb 03, 2020",28320,28630,28320,28400,"28,399.81",307910000
"Jan 31, 2020",28813,28813,28170,28256,"28,256.03",403890000
"Jan 30, 2020",28640,28880,28490,28859,"28,859.44",326850000
"Jan 29, 2020",28821,28944,28728,28734,"28,734.45",302290000
"Jan 28, 2020",28594,28823,28576,28723,"28,722.85",330140000
"Jan 27, 2020",28542,28672,28440,28536,"28,535.80",337270000
"Jan 24, 2020",29230,29289,28843,28990,"28,989.73",380010000
"Jan 23, 2020",29111,29190,28967,29160,"29,160.09",307060000
"Jan 22, 2020",29264,29320,29172,29186,"29,186.27",283440000
"Jan 21, 2020",29269,29341,29146,29196,"29,196.04",320640000
"Jan 17, 2020",29313,29374,29290,29348,"29,348.10",321820000
"Jan 16, 2020",29132,29300,29132,29298,"29,297.64",252110000
"Jan 15, 2020",28902,29128,28897,29030,"29,030.22",260270000
"Jan 14, 2020",28896,29054,28872,28940,"28,939.67",287440000
"Jan 13, 2020",28869,28910,28819,28907,"28,907.05",249830000
"Jan 10, 2020",28978,29009,28789,28824,"28,823.77",237830000
"Jan 09, 2020",28852,28988,28844,28957,"28,956.90",275060000
"Jan 08, 2020",28556,28866,28523,28745,"28,745.09",291750000
"Jan 07, 2020",28639,28686,28565,28584,"28,583.68",258900000
"Jan 06, 2020",28466,28708,28419,28703,"28,703.38",252760000
"Jan 03, 2020",28553,28716,28500,28635,"28,634.88",239590000
"Jan 02, 2020",28639,28873,28628,28869,"28,868.80",251820000
"Dec 31, 2019",28415,28547,28376,28538,"28,538.44",193340000
"Dec 30, 2019",28655,28665,28429,28462,"28,462.14",181600000
"Dec 27, 2019",28675,28702,28609,28645,"28,645.26",182280000
"Dec 26, 2019",28539,28624,28535,28621,"28,621.39",155970000
"Dec 24, 2019",28573,28577,28503,28515,"28,515.45",86150000
"Dec 23, 2019",28492,28582,28492,28552,"28,551.53",223530000
"Dec 20, 2019",28609,28609,28446,28455,"28,455.09",603780000
"Dec 19, 2019",28278,28381,28278,28377,"28,376.96",262570000
"Dec 18, 2019",28291,28323,28239,28239,"28,239.28",289890000
"Dec 17, 2019",28222,28329,28221,28267,"28,267.16",286770000
"Dec 16, 2019",28192,28337,28192,28236,"28,235.89",286770000
"Dec 13, 2019",28124,28291,28028,28135,"28,135.38",250660000
"Dec 12, 2019",27898,28225,27860,28132,"28,132.05",277740000
"Dec 11, 2019",27867,27926,27802,27911,"27,911.30",213510000
"Dec 10, 2019",27901,27949,27804,27882,"27,881.72",213250000
"Dec 09, 2019",27987,28010,27906,27910,"27,909.60",217000000
"Dec 06, 2019",27840,28036,27840,28015,"28,015.06",223310000
"Dec 05, 2019",27736,27745,27563,27678,"27,677.79",208600000
"Dec 04, 2019",27635,27727,27612,27650,"27,649.78",218200000
"Dec 03, 2019",27502,27525,27325,27503,"27,502.81",275350000
"Dec 02, 2019",28110,28110,27782,27783,"27,783.04",236610000
"Nov 29, 2019",28103,28120,28043,28051,"28,051.41",120630000
"Nov 27, 2019",28156,28175,28075,28164,"28,164.00",198210000
"Nov 26, 2019",28081,28146,28042,28122,"28,121.68",324050000
"Nov 25, 2019",27918,28069,27918,28066,"28,066.47",248420000
"Nov 22, 2019",27831,27898,27774,27876,"27,875.62",214780000
"Nov 21, 2019",27820,27828,27708,27766,"27,766.29",232020000
"Nov 20, 2019",27880,27897,27675,27821,"27,821.09",258140000
"Nov 19, 2019",28080,28090,27895,27934,"27,934.02",245890000
"Nov 18, 2019",27993,28041,27969,28036,"28,036.22",252320000
"Nov 15, 2019",27844,28005,27844,28005,"28,004.89",283720000
"Nov 14, 2019",27757,27801,27677,27782,"27,781.96",303970000
"Nov 13, 2019",27622,27806,27587,27784,"27,783.59",278390000
"Nov 12, 2019",27702,27771,27635,27691,"27,691.49",213670000
"Nov 11, 2019",27581,27714,27518,27691,"27,691.49",202350000
"Nov 08, 2019",27686,27695,27579,27681,"27,681.24",221440000
"Nov 07, 2019",27590,27775,27590,27675,"27,674.80",259020000
"Nov 06, 2019",27503,27526,27408,27493,"27,492.56",237910000
"Nov 05, 2019",27500,27560,27454,27493,"27,492.63",286350000
"Nov 04, 2019",27402,27518,27402,27462,"27,462.11",273030000
"Nov 01, 2019",27143,27347,27143,27347,"27,347.36",270870000
"Oct 31, 2019",27188,27188,26918,27046,"27,046.23",273830000
"Oct 30, 2019",27111,27204,27000,27187,"27,186.69",231750000
"Oct 29, 2019",27061,27166,27040,27071,"27,071.46",269610000
"Oct 28, 2019",27040,27168,27029,27091,"27,090.72",290770000
"Oct 25, 2019",26790,27015,26766,26958,"26,958.06",274610000
"Oct 24, 2019",26894,26932,26714,26806,"26,805.53",253590000
"Oct 23, 2019",26835,26897,26745,26834,"26,833.95",247680000
"Oct 22, 2019",26850,26947,26783,26788,"26,788.10",265510000
"Oct 21, 2019",26853,26853,26748,26828,"26,827.64",241030000
"Oct 18, 2019",27004,27018,26770,26770,"26,770.20",288970000
"Oct 17, 2019",27032,27112,26970,27026,"27,025.88",222540000
"Oct 16, 2019",26972,27058,26943,27002,"27,001.98",214660000
"Oct 15, 2019",26811,27120,26811,27025,"27,024.80",245510000
"Oct 14, 2019",26766,26874,26749,26787,"26,787.36",178620000
"Oct 11, 2019",26694,27014,26694,26817,"26,816.59",282080000
"Oct 10, 2019",26317,26603,26315,26497,"26,496.67",217680000
"Oct 09, 2019",26308,26424,26250,26346,"26,346.01",190060000
"Oct 08, 2019",26277,26422,26140,26164,"26,164.04",244590000
"Oct 07, 2019",26502,26656,26425,26478,"26,478.02",195200000
"Oct 04, 2019",26272,26591,26272,26574,"26,573.72",221310000
"Oct 03, 2019",26039,26205,25743,26201,"26,201.04",241610000
"Oct 02, 2019",26426,26438,25974,26079,"26,078.62",309640000
"Oct 01, 2019",26963,27046,26562,26573,"26,573.04",260110000
"Sep 30, 2019",26852,26999,26852,26917,"26,916.83",222680000
"Sep 27, 2019",26987,27013,26716,26820,"26,820.25",217780000
"Sep 26, 2019",27004,27015,26804,26891,"26,891.12",229180000
"Sep 25, 2019",26867,27017,26756,26971,"26,970.71",237220000
"Sep 24, 2019",27034,27080,26705,26808,"26,807.77",301750000
"Sep 23, 2019",26851,27011,26831,26950,"26,949.99",204240000
"Sep 20, 2019",27102,27195,26927,26935,"26,935.07",497640000
"Sep 19, 2019",27186,27272,27064,27095,"27,094.79",212360000
"Sep 18, 2019",27075,27162,26899,27147,"27,147.08",212860000
"Sep 17, 2019",27010,27111,26984,27111,"27,110.80",223580000
"Sep 16, 2019",27146,27173,27033,27077,"27,076.82",220620000
"Sep 13, 2019",27217,27278,27194,27220,"27,219.52",255260000
"Sep 12, 2019",27197,27307,27105,27182,"27,182.45",250010000
"Sep 11, 2019",26928,27137,26885,27137,"27,137.04",272590000
"Sep 10, 2019",26806,26909,26717,26909,"26,909.43",322340000
"Sep 09, 2019",26866,26901,26762,26836,"26,835.51",273120000
"Sep 06, 2019",26790,26861,26708,26797,"26,797.46",209700000
"Sep 05, 2019",26603,26836,26603,26728,"26,728.15",256670000
"Sep 04, 2019",26302,26362,26244,26355,"26,355.47",202710000
"Sep 03, 2019",26198,26198,25978,26118,"26,118.02",223210000
"Aug 30, 2019",26476,26515,26296,26403,"26,403.28",216160000
"Aug 29, 2019",26249,26409,26186,26362,"26,362.25",208650000
"Aug 28, 2019",25713,26042,25637,26036,"26,036.10",207070000
"Aug 27, 2019",26014,26054,25722,25778,"25,777.90",263530000
"Aug 26, 2019",25826,25941,25716,25899,"25,898.83",222780000
"Aug 23, 2019",26134,26320,25507,25629,"25,628.90",364260000
"Aug 22, 2019",26272,26389,26099,26252,"26,252.24",222810000
"Aug 21, 2019",26145,26268,26142,26203,"26,202.73",208790000
"Aug 20, 2019",26087,26160,25952,25962,"25,962.44",238100000
"Aug 19, 2019",26020,26222,26020,26136,"26,135.79",252640000
"Aug 16, 2019",25678,25930,25678,25886,"25,886.01",276210000
"Aug 15, 2019",25514,25640,25340,25579,"25,579.39",332600000
"Aug 14, 2019",26035,26035,25472,25479,"25,479.42",352250000
"Aug 13, 2019",25889,26427,25833,26280,"26,279.91",308900000
"Aug 12, 2019",26170,26179,25825,25896,"25,896.44",199390000
"Aug 09, 2019",26337,26413,26098,26287,"26,287.44",240260000
"Aug 08, 2019",26087,26384,26038,26378,"26,378.19",282530000
"Aug 07, 2019",25814,26073,25440,26007,"26,007.07",344790000
"Aug 06, 2019",25811,26039,25711,26030,"26,029.52",318160000
"Aug 05, 2019",26259,26259,25523,25718,"25,717.74",422240000
"Aug 02, 2019",26529,26570,26249,26485,"26,485.01",327640000
"Aug 01, 2019",26880,27176,26549,26583,"26,583.42",386320000
"Jul 31, 2019",27245,27282,26720,26864,"26,864.27",385150000
"Jul 30, 2019",27145,27224,27070,27198,"27,198.02",293250000
"Jul 29, 2019",27192,27276,27178,27221,"27,221.35",250850000
"Jul 26, 2019",27166,27214,27123,27192,"27,192.45",233650000
"Jul 25, 2019",27247,27298,27062,27141,"27,140.98",241420000
"Jul 24, 2019",27262,27291,27191,27270,"27,269.97",244320000
"Jul 23, 2019",27232,27369,27205,27349,"27,349.19",248850000
"Jul 22, 2019",27174,27228,27089,27172,"27,171.90",216310000
"Jul 19, 2019",27246,27343,27146,27154,"27,154.20",287690000
"Jul 18, 2019",27192,27267,27069,27223,"27,222.97",216070000
"Jul 17, 2019",27321,27343,27218,27220,"27,219.85",193930000
"Jul 16, 2019",27349,27399,27290,27336,"27,335.63",226000000
"Jul 15, 2019",27365,27365,27294,27359,"27,359.16",199730000
"Jul 12, 2019",27139,27334,27135,27332,"27,332.03",248390000
"Jul 11, 2019",26950,27088,26916,27088,"27,088.08",252300000
"Jul 10, 2019",26852,26983,26813,26860,"26,860.20",207990000
"Jul 09, 2019",26725,26808,26666,26783,"26,783.49",218330000
"Jul 08, 2019",26836,26839,26745,26806,"26,806.14",214290000
"Jul 05, 2019",26868,26951,26733,26922,"26,922.12",192170000
"Jul 03, 2019",26832,26966,26831,26966,"26,966.00",149840000
"Jul 02, 2019",26720,26788,26633,26787,"26,786.68",219270000
"Jul 01, 2019",26806,26891,26616,26717,"26,717.43",267670000
"Jun 28, 2019",26606,26638,26522,26600,"26,599.96",499350000
"Jun 27, 2019",26524,26607,26465,26527,"26,526.58",246930000
"Jun 26, 2019",26599,26660,26536,26537,"26,536.82",274340000
"Jun 25, 2019",26732,26752,26528,26548,"26,548.22",282160000
"Jun 24, 2019",26728,26807,26723,26728,"26,727.54",232390000
"Jun 21, 2019",26749,26907,26706,26719,"26,719.13",485560000
"Jun 20, 2019",26665,26799,26540,26753,"26,753.17",278170000
"Jun 19, 2019",26490,26570,26415,26504,"26,504.00",240950000
"Jun 18, 2019",26229,26527,26228,26466,"26,465.54",273490000
"Jun 17, 2019",26109,26166,26050,26113,"26,112.53",199500000
"Jun 14, 2019",26076,26162,25988,26090,"26,089.61",208020000
"Jun 13, 2019",26037,26147,25996,26107,"26,106.77",213400000
"Jun 12, 2019",26040,26082,25959,26005,"26,004.83",223690000
"Jun 11, 2019",26181,26249,25999,26049,"26,048.51",253490000
"Jun 10, 2019",26090,26211,26054,26063,"26,062.68",249280000
"Jun 07, 2019",25769,26073,25769,25984,"25,983.94",263010000
"Jun 06, 2019",25567,25800,25518,25721,"25,720.66",248070000
"Jun 05, 2019",25451,25545,25374,25540,"25,539.57",262660000
"Jun 04, 2019",24963,25344,24963,25332,"25,332.18",281690000
"Jun 03, 2019",24830,24935,24681,24820,"24,819.78",328240000
"May 31, 2019",25046,25046,24810,24815,"24,815.04",292230000
"May 30, 2019",25140,25219,25067,25170,"25,169.88",215240000
"May 29, 2019",25231,25231,24938,25126,"25,126.41",298930000
"May 28, 2019",25617,25718,25342,25348,"25,347.77",358980000
"May 24, 2019",25551,25671,25496,25586,"25,585.69",201370000
"May 23, 2019",25658,25658,25328,25490,"25,490.47",316940000
"May 22, 2019",25818,25878,25755,25777,"25,776.61",241760000
"May 21, 2019",25782,25898,25780,25877,"25,877.33",260870000
"May 20, 2019",25655,25752,25561,25680,"25,679.90",279560000
"May 17, 2019",25720,25949,25658,25764,"25,764.00",283760000
"May 16, 2019",25692,25958,25692,25863,"25,862.68",320960000
"May 15, 2019",25400,25725,25342,25648,"25,648.02",270720000
"May 14, 2019",25384,25689,25384,25532,"25,532.05",291570000
"May 13, 2019",25568,25568,25223,25325,"25,324.99",361240000
"May 10, 2019",25764,26019,25470,25942,"25,942.37",294580000
"May 09, 2019",25879,25885,25517,25828,"25,828.36",334760000
"May 08, 2019",25934,26118,25889,25967,"25,967.33",276420000
"May 07, 2019",26277,26277,25790,25965,"25,965.09",334960000
"May 06, 2019",26161,26476,26034,26438,"26,438.48",283020000
"May 03, 2019",26379,26535,26370,26505,"26,504.95",248900000
"May 02, 2019",26407,26455,26180,26308,"26,307.79",287610000
"May 01, 2019",26639,26689,26426,26430,"26,430.14",303850000
"Apr 30, 2019",26595,26614,26419,26593,"26,592.91",340320000
"Apr 29, 2019",26560,26603,26521,26554,"26,554.39",279450000
"Apr 26, 2019",26455,26544,26393,26543,"26,543.33",317290000
"Apr 25, 2019",26426,26536,26310,26462,"26,462.08",296730000
"Apr 24, 2019",26653,26681,26583,26597,"26,597.05",283370000
"Apr 23, 2019",26514,26696,26504,26656,"26,656.39",311690000
"Apr 22, 2019",26511,26553,26459,26511,"26,511.05",232570000
"Apr 18, 2019",26463,26602,26445,26560,"26,559.54",332850000
"Apr 17, 2019",26469,26501,26392,26450,"26,449.54",367780000
"Apr 16, 2019",26482,26531,26397,26453,"26,452.66",302340000
"Apr 15, 2019",26408,26425,26316,26385,"26,384.77",250620000
"Apr 12, 2019",26358,26437,26310,26412,"26,412.30",369910000
"Apr 11, 2019",26188,26230,26063,26143,"26,143.05",211680000
"Apr 10, 2019",26174,26209,26101,26157,"26,157.16",203130000
"Apr 09, 2019",26244,26246,26103,26151,"26,150.58",244410000
"Apr 08, 2019",26313,26345,26246,26341,"26,341.02",229380000
"Apr 05, 2019",26428,26488,26371,26425,"26,424.99",229550000
"Apr 04, 2019",26213,26399,26213,26385,"26,384.63",233040000
"Apr 03, 2019",26238,26282,26138,26218,"26,218.13",271980000
"Apr 02, 2019",26214,26221,26122,26179,"26,179.13",250940000
"Apr 01, 2019",26075,26281,26072,26258,"26,258.42",295570000
"Mar 29, 2019",25827,25949,25772,25929,"25,928.68",300620000
"Mar 28, 2019",25693,25743,25577,25717,"25,717.46",237170000
"Mar 27, 2019",25676,25758,25425,25626,"25,625.59",270340000
"Mar 26, 2019",25650,25796,25545,25658,"25,657.73",305110000
"Mar 25, 2019",25491,25603,25372,25517,"25,516.83",303120000
"Mar 22, 2019",25845,25877,25501,25502,"25,502.32",386510000
"Mar 21, 2019",25688,26010,25658,25963,"25,962.51",335250000
"Mar 20, 2019",25868,25930,25671,25746,"25,745.67",321980000
"Mar 19, 2019",25988,26110,25815,25887,"25,887.38",342250000
"Mar 18, 2019",25802,25925,25786,25914,"25,914.10",303170000
"Mar 15, 2019",25721,25928,25650,25849,"25,848.87",616910000
"Mar 14, 2019",25692,25753,25621,25710,"25,709.94",302790000
"Mar 13, 2019",25637,25776,25571,25703,"25,702.89",331410000
"Mar 12, 2019",25600,25675,25522,25555,"25,554.66",317730000
"Mar 11, 2019",25208,25662,25208,25651,"25,650.88",309790000
"Mar 08, 2019",25347,25466,25252,25450,"25,450.24",270500000
"Mar 07, 2019",25645,25645,25353,25473,"25,473.23",289140000
"Mar 06, 2019",25819,25838,25634,25673,"25,673.46",256250000
"Mar 05, 2019",25829,25877,25726,25807,"25,806.63",252260000
"Mar 04, 2019",26122,26156,25612,25820,"25,819.65",295510000
"Mar 01, 2019",26020,26144,25914,26026,"26,026.32",289890000
"Feb 28, 2019",25984,26029,25897,25916,"25,916.00",338520000
"Feb 27, 2019",25996,26040,25877,25985,"25,985.16",255380000
"Feb 26, 2019",26052,26155,25966,26058,"26,057.98",257850000
"Feb 25, 2019",26126,26241,26081,26092,"26,091.95",281600000
"Feb 22, 2019",25906,26053,25906,26032,"26,031.81",279760000
"Feb 21, 2019",25922,25939,25762,25851,"25,850.63",255710000
"Feb 20, 2019",25872,25986,25846,25954,"25,954.44",287880000
"Feb 19, 2019",25850,25961,25820,25891,"25,891.32",280620000
"Feb 15, 2019",25565,25884,25565,25883,"25,883.25",328530000
"Feb 14, 2019",25461,25559,25308,25439,"25,439.39",313010000
"Feb 13, 2019",25481,25626,25481,25543,"25,543.27",263330000
"Feb 12, 2019",25152,25459,25152,25426,"25,425.76",278110000
"Feb 11, 2019",25143,25197,25009,25053,"25,053.11",241700000
"Feb 08, 2019",25042,25106,24883,25106,"25,106.33",248210000
"Feb 07, 2019",25266,25314,25001,25170,"25,169.53",295460000
"Feb 06, 2019",25372,25439,25312,25390,"25,390.30",247590000
"Feb 05, 2019",25288,25427,25288,25412,"25,411.52",310650000
"Feb 04, 2019",25062,25240,24978,25239,"25,239.37",298540000
"Feb 01, 2019",25025,25193,24982,25064,"25,063.89",372090000
"Jan 31, 2019",24954,25050,24842,25000,"24,999.67",507350000
"Jan 30, 2019",24827,25110,24791,25015,"25,014.86",397330000
"Jan 29, 2019",24520,24675,24504,24580,"24,579.96",330870000
"Jan 28, 2019",24597,24597,24324,24528,"24,528.22",347170000
"Jan 25, 2019",24687,24860,24677,24737,"24,737.20",376890000
"Jan 24, 2019",24580,24626,24423,24553,"24,553.24",320170000
"Jan 23, 2019",24577,24701,24307,24576,"24,575.62",318600000
"Jan 22, 2019",24608,24608,24244,24404,"24,404.48",338480000
"Jan 18, 2019",24534,24750,24459,24706,"24,706.35",372970000
"Jan 17, 2019",24147,24474,24089,24370,"24,370.10",288590000
"Jan 16, 2019",24140,24289,24120,24207,"24,207.16",302830000
"Jan 15, 2019",23914,24099,23888,24066,"24,065.59",291570000
"Jan 14, 2019",23881,23965,23765,23910,"23,909.84",277560000
"Jan 11, 2019",23940,23996,23798,23996,"23,995.95",262650000
"Jan 10, 2019",23811,24015,23703,24002,"24,001.92",338150000
"Jan 09, 2019",23844,24085,23703,23879,"23,879.12",324570000
"Jan 08, 2019",23680,23865,23581,23787,"23,787.45",317420000
"Jan 07, 2019",23474,23688,23302,23531,"23,531.35",334200000
"Jan 04, 2019",22895,23519,22895,23433,"23,433.16",396020000
"Jan 03, 2019",23176,23176,22638,22686,"22,686.22",424240000
"Jan 02, 2019",23059,23413,22929,23346,"23,346.24",321570000
"Dec 31, 2018",23154,23333,23118,23327,"23,327.46",288830000
"Dec 28, 2018",23214,23382,22981,23062,"23,062.40",336510000
"Dec 27, 2018",22629,23139,22267,23139,"23,138.82",407940000
"Dec 26, 2018",21858,22879,21713,22878,"22,878.45",433080000
"Dec 24, 2018",22317,22340,21792,21792,"21,792.20",308420000
"Dec 21, 2018",22872,23255,22396,22445,"22,445.37",900510000
"Dec 20, 2018",23224,23282,22644,22860,"22,859.60",576700000
"Dec 19, 2018",23693,24057,23163,23324,"23,323.66",503550000
"Dec 18, 2018",23769,23928,23516,23676,"23,675.64",408070000
"Dec 17, 2018",23987,24088,23457,23593,"23,592.98",466740000
"Dec 14, 2018",24408,24431,24034,24101,"24,100.51",416940000
"Dec 13, 2018",24576,24741,24473,24597,"24,597.38",299970000
"Dec 12, 2018",24509,24828,24509,24527,"24,527.27",344330000
"Dec 11, 2018",24720,24791,24221,24370,"24,370.24",342960000
"Dec 10, 2018",24361,24501,23881,24423,"24,423.26",389690000
"Dec 07, 2018",24919,25096,24285,24389,"24,388.95",398230000
"Dec 06, 2018",24737,24951,24242,24948,"24,947.67",471690000
"Dec 04, 2018",25753,25773,25008,25027,"25,027.07",418900000
"Dec 03, 2018",25780,25980,25671,25826,"25,826.43",388480000
"Nov 30, 2018",25307,25550,25251,25538,"25,538.46",482250000
"Nov 29, 2018",25344,25479,25203,25339,"25,338.84",305110000
"Nov 28, 2018",24833,25369,24833,25366,"25,366.43",362160000
"Nov 27, 2018",24557,24751,24416,24749,"24,748.73",308250000
"Nov 26, 2018",24364,24673,24364,24640,"24,640.24",306280000
"Nov 23, 2018",24336,24409,24269,24286,"24,285.95",155940000
"Nov 21, 2018",24542,24670,24463,24465,"24,464.69",289370000
"Nov 20, 2018",24619,24707,24369,24466,"24,465.64",445920000
"Nov 19, 2018",25393,25393,24901,25017,"25,017.44",358090000
"Nov 16, 2018",25242,25510,25148,25413,"25,413.22",354460000
"Nov 15, 2018",25061,25355,24788,25289,"25,289.27",392750000
"Nov 14, 2018",25388,25501,24936,25081,"25,080.50",384240000
"Nov 13, 2018",25321,25511,25194,25286,"25,286.49",339690000
"Nov 12, 2018",25959,25967,25341,25387,"25,387.18",346910000
"Nov 09, 2018",26149,26161,25883,25989,"25,989.30",324450000
"Nov 08, 2018",26140,26278,26082,26191,"26,191.22",295650000
"Nov 07, 2018",25788,26200,25766,26180,"26,180.30",361780000
"Nov 06, 2018",25453,25652,25445,25635,"25,635.01",265450000
"Nov 05, 2018",25261,25507,25261,25462,"25,461.70",334740000
"Nov 02, 2018",25444,25579,25079,25271,"25,270.83",429480000
"Nov 01, 2018",25142,25396,25108,25381,"25,380.74",383970000
"Oct 31, 2018",25009,25337,25009,25116,"25,115.76",448930000
"Oct 30, 2018",24482,24907,24416,24875,"24,874.64",470050000
"Oct 29, 2018",24819,25041,24122,24443,"24,442.92",443850000
"Oct 26, 2018",24770,24916,24445,24688,"24,688.31",505310000
"Oct 25, 2018",24737,25104,24646,24985,"24,984.55",439670000
"Oct 24, 2018",25173,25306,24533,24583,"24,583.42",496400000
"Oct 23, 2018",25038,25308,24769,25191,"25,191.43",436430000
"Oct 22, 2018",25492,25561,25236,25317,"25,317.41",314940000
"Oct 19, 2018",25421,25609,25350,25444,"25,444.34",350810000
"Oct 18, 2018",25646,25691,25236,25379,"25,379.45",328020000
"Oct 17, 2018",25706,25810,25479,25707,"25,706.68",298210000
"Oct 16, 2018",25352,25818,25352,25798,"25,798.42",305800000
"Oct 15, 2018",25332,25482,25244,25251,"25,250.55",287320000
"Oct 12, 2018",25408,25468,25001,25340,"25,339.99",397510000
"Oct 11, 2018",25518,25684,24900,25053,"25,052.83",522880000
"Oct 10, 2018",26442,26488,25567,25599,"25,598.74",438200000
"Oct 09, 2018",26469,26540,26324,26431,"26,430.57",282560000
"Oct 08, 2018",26399,26529,26223,26487,"26,486.78",273020000
"Oct 05, 2018",26633,26676,26302,26447,"26,447.05",267100000
"Oct 04, 2018",26784,26794,26472,26627,"26,627.48",289600000
"Oct 03, 2018",26833,26952,26789,26828,"26,828.39",280130000
"Oct 02, 2018",26649,26825,26628,26774,"26,773.94",258290000
"Oct 01, 2018",26598,26738,26596,26651,"26,651.21",238320000
"Sep 28, 2018",26408,26516,26384,26458,"26,458.31",264030000
"Sep 27, 2018",26418,26557,26380,26440,"26,439.93",226350000
"Sep 26, 2018",26537,26606,26349,26385,"26,385.28",262620000
"Sep 25, 2018",26602,26635,26476,26492,"26,492.21",234110000
"Sep 24, 2018",26705,26710,26549,26562,"26,562.05",254850000
"Sep 21, 2018",26726,26769,26680,26744,"26,743.50",657620000
"Sep 20, 2018",26519,26697,26519,26657,"26,656.98",260480000
"Sep 19, 2018",26288,26464,26281,26406,"26,405.76",251330000
"Sep 18, 2018",26076,26317,26076,26247,"26,246.96",243000000
"Sep 17, 2018",26152,26184,26030,26062,"26,062.12",230230000
"Sep 14, 2018",26170,26211,26068,26155,"26,154.67",228640000
"Sep 13, 2018",26084,26192,26067,26146,"26,145.99",260800000
"Sep 12, 2018",25989,26146,25929,25999,"25,998.92",282770000
"Sep 11, 2018",25841,26020,25754,25971,"25,971.06",265960000
"Sep 10, 2018",25992,26040,25854,25857,"25,857.07",252170000
"Sep 07, 2018",25951,26003,25818,25917,"25,916.54",281350000
"Sep 06, 2018",25973,26074,25881,25996,"25,995.87",262380000
"Sep 05, 2018",25920,26011,25871,25975,"25,974.99",289210000
"Sep 04, 2018",25916,25972,25806,25952,"25,952.48",254600000
"Aug 31, 2018",25965,26029,25880,25965,"25,964.82",273440000
"Aug 30, 2018",26099,26104,25935,25987,"25,986.92",240440000
"Aug 29, 2018",26083,26168,26035,26125,"26,124.57",214960000
"Aug 28, 2018",26093,26122,26038,26064,"26,064.02",211470000
"Aug 27, 2018",25883,26068,25883,26050,"26,049.64",220510000
"Aug 24, 2018",25689,25826,25689,25790,"25,790.35",200330000
"Aug 23, 2018",25715,25763,25608,25657,"25,656.98",213270000
"Aug 22, 2018",25825,25836,25722,25734,"25,733.60",200480000
"Aug 21, 2018",25787,25889,25785,25822,"25,822.29",241620000
"Aug 20, 2018",25728,25790,25716,25759,"25,758.69",248570000
"Aug 17, 2018",25551,25728,25522,25669,"25,669.32",284160000
"Aug 16, 2018",25295,25607,25295,25559,"25,558.73",342430000
"Aug 15, 2018",25235,25235,24966,25162,"25,162.41",295810000
"Aug 14, 2018",25216,25340,25202,25300,"25,299.92",219210000
"Aug 13, 2018",25327,25381,25154,25188,"25,187.70",219990000
"Aug 10, 2018",25401,25401,25223,25313,"25,313.14",234480000
"Aug 09, 2018",25590,25613,25493,25509,"25,509.23",214970000
"Aug 08, 2018",25616,25634,25557,25584,"25,583.75",217770000
"Aug 07, 2018",25552,25693,25552,25629,"25,628.91",239910000
"Aug 06, 2018",25437,25540,25381,25502,"25,502.18",238990000
"Aug 03, 2018",25360,25468,25325,25463,"25,462.58",239020000
"Aug 02, 2018",25256,25360,25120,25326,"25,326.16",307700000
"Aug 01, 2018",25462,25489,25278,25334,"25,333.82",315880000
"Jul 31, 2018",25345,25491,25345,25415,"25,415.19",348700000
"Jul 30, 2018",25439,25500,25287,25307,"25,306.83",296880000
"Jul 27, 2018",25521,25580,25370,25451,"25,451.06",329680000
"Jul 26, 2018",25469,25587,25463,25527,"25,527.07",297530000
"Jul 25, 2018",25184,25433,25114,25414,"25,414.10",273670000
"Jul 24, 2018",25092,25287,25092,25242,"25,241.94",274940000
"Jul 23, 2018",25037,25081,24983,25044,"25,044.29",228820000
"Jul 20, 2018",25041,25124,24986,25058,"25,058.12",274080000
"Jul 19, 2018",25139,25154,25053,25065,"25,064.50",285760000
"Jul 18, 2018",25134,25215,25101,25199,"25,199.29",252870000
"Jul 17, 2018",25034,25155,24990,25120,"25,119.89",250450000
"Jul 16, 2018",25026,25072,24980,25064,"25,064.36",231270000
"Jul 13, 2018",24926,25043,24890,25019,"25,019.41",255520000
"Jul 12, 2018",24803,24940,24803,24925,"24,924.89",233150000
"Jul 11, 2018",24789,24815,24664,24700,"24,700.45",237370000
"Jul 10, 2018",24807,24945,24807,24920,"24,919.66",235040000
"Jul 09, 2018",24519,24797,24518,24777,"24,776.59",240580000
"Jul 06, 2018",24352,24520,24281,24456,"24,456.48",219450000
"Jul 05, 2018",24286,24373,24177,24357,"24,356.74",237670000
"Jul 03, 2018",24359,24445,24151,24175,"24,174.82",160960000
"Jul 02, 2018",24162,24319,24078,24307,"24,307.18",244110000
"Jun 29, 2018",24324,24510,24270,24271,"24,271.41",329070000
"Jun 28, 2018",24064,24308,23997,24216,"24,216.05",305020000
"Jun 27, 2018",24303,24569,24116,24118,"24,117.59",313790000
"Jun 26, 2018",24282,24384,24241,24283,"24,283.11",301130000
"Jun 25, 2018",24464,24464,24084,24253,"24,252.80",439130000
"Jun 22, 2018",24527,24663,24527,24581,"24,580.89",473970000
"Jun 21, 2018",24639,24639,24407,24462,"24,461.70",349570000
"Jun 20, 2018",24771,24805,24628,24658,"24,657.80",359520000
"Jun 19, 2018",24764,24764,24568,24700,"24,700.21",376380000
"Jun 18, 2018",24944,25003,24826,24987,"24,987.47",337070000
"Jun 15, 2018",25117,25131,24894,25090,"25,090.48",659370000
"Jun 14, 2018",25255,25333,25139,25175,"25,175.31",341170000
"Jun 13, 2018",25329,25362,25191,25201,"25,201.20",329700000
"Jun 12, 2018",25347,25364,25247,25321,"25,320.73",265750000
"Jun 11, 2018",25337,25403,25290,25322,"25,322.31",276740000
"Jun 08, 2018",25209,25326,25166,25317,"25,316.53",317510000
"Jun 07, 2018",25192,25326,25164,25241,"25,241.41",357680000
"Jun 06, 2018",24854,25146,24854,25146,"25,146.39",316090000
"Jun 05, 2018",24820,24839,24711,24800,"24,799.98",306340000
"Jun 04, 2018",24728,24859,24722,24814,"24,813.69",340400000
"Jun 01, 2018",24542,24674,24542,24635,"24,635.21",315710000
"May 31, 2018",24621,24621,24352,24416,"24,415.84",429740000
"May 30, 2018",24468,24714,24459,24668,"24,667.78",324870000
"May 29, 2018",24607,24635,24248,24361,"24,361.45",395810000
"May 25, 2018",24781,24824,24688,24753,"24,753.09",257210000
"May 24, 2018",24877,24877,24606,24812,"24,811.76",347050000
"May 23, 2018",24758,24889,24667,24887,"24,886.81",399610000
"May 22, 2018",25048,25065,24812,24834,"24,834.41",288200000
"May 21, 2018",24883,25086,24883,25013,"25,013.29",308920000
"May 18, 2018",24708,24775,24665,24715,"24,715.09",269700000
"May 17, 2018",24752,24839,24639,24714,"24,713.98",314650000
"May 16, 2018",24722,24801,24673,24769,"24,768.93",280810000
"May 15, 2018",24810,24810,24629,24706,"24,706.41",301900000
"May 14, 2018",24879,24994,24863,24899,"24,899.41",282860000
"May 11, 2018",24759,24869,24718,24831,"24,831.17",274150000
"May 10, 2018",24592,24795,24576,24740,"24,739.53",304210000
"May 09, 2018",24399,24586,24324,24543,"24,542.54",361580000
"May 08, 2018",24341,24412,24198,24360,"24,360.21",344940000
"May 07, 2018",24318,24479,24263,24357,"24,357.32",307670000
"May 04, 2018",23865,24333,23779,24263,"24,262.51",329480000
"May 03, 2018",23836,23996,23531,23930,"23,930.15",389240000
"May 02, 2018",24098,24186,23886,23925,"23,924.98",385350000
"May 01, 2018",24117,24117,23808,24099,"24,099.05",380070000
